bids_name	rating	site	cjv	cnr	efc	fber	fwhm_avg	fwhm_x	fwhm_y	fwhm_z	icvs_csf	icvs_gm	icvs_wm	inu_med	inu_range	qi_1	qi_2	rpve_csf	rpve_gm	rpve_wm	size_x	size_y	size_z	snr_csf	snr_gm	snr_total	snr_wm	snrd_csf	snrd_gm	snrd_total	snrd_wm	spacing_x	spacing_y	spacing_z	summary_bg_k	summary_bg_mad	summary_bg_mean	summary_bg_median	summary_bg_n	summary_bg_p05	summary_bg_p95	summary_bg_stdv	summary_csf_k	summary_csf_mad	summary_csf_mean	summary_csf_median	summary_csf_n	summary_csf_p05	summary_csf_p95	summary_csf_stdv	summary_gm_k	summary_gm_mad	summary_gm_mean	summary_gm_median	summary_gm_n	summary_gm_p05	summary_gm_p95	summary_gm_stdv	summary_wm_k	summary_wm_mad	summary_wm_mean	summary_wm_median	summary_wm_n	summary_wm_p05	summary_wm_p95	summary_wm_stdv	tpm_overlap_csf	tpm_overlap_gm	tpm_overlap_wm	wm2max
sub-004_T1w	0	SHIP	0.877932007864853	0.861629413145376	0.57935858462003	12353.4483019821	3.72693	3.58919	3.97218	3.61942	0.251551493741558	0.34243740104911	0.406011105209331	0.45683878660202	0.0822893559932709	0	0.00115285558874815	4.90902373510617	4.7631586259162	4.85375067920109	176	256	176	2.10752963719593	3.98338943974499	5.93638023586912	11.7182216306665	29.8243937004379	61.9174782939798	56.097558663214	76.5508039952245	1	1	1	525.184680945619	8.27930919467387	11.8740928674181	5.5843091905117	2381538	0	46.7515641376376	25.7289249159289	-0.20451342002582	134.134905672247	416.650390973746	376.906819693744	398347.638328403	182.30726467073	757.899719282985	178.837981660423	5.51199345473098	83.5503458364955	764.298593218386	782.484299987555	542271.198450424	378.370998322964	1058.87355425209	196.436625224708	-0.561347227237081	78.8048881273532	960.893910406096	967.413465924561	642944.164193298	816.807371109724	1088.08902550489	82.5562738173261	0.222834549074132	0.477945815450891	0.525695965677082	0.466748808937079
sub-010_T1w	0	SHIP	0.709341981738201	1.44635112872819	0.586394110951802	29126.242584931	3.59483333333333	3.39954	3.90248	3.48248	0.248186851625203	0.376594307477262	0.375218840897535	0.30123496055603	0.040602046251297	0	0.00101557340657285	4.3607120051355	4.26247936463486	4.34611578418483	176	256	176	2.25284189324888	6.60759308805222	7.90635655469718	14.8586346827905	63.7921463796901	101.131241862631	97.2841154534298	126.928958117969	1	1	1	1185.87972251838	4.9644454420538	5.07070315302166	3.34846756607294	2430140	0	15.9761630482972	25.0322377998318	0.883361348298259	158.778111002636	486.590190430275	483.399533797056	441280.441605326	156.271278697997	825.964791912586	214.572974482421	-0.548912731756824	83.8065705133149	771.735154820929	766.345043130219	669591.081160813	587.911449439824	976.049918666482	115.979368079908	-0.0427026484674036	54.8613292918487	956.533953994126	961.833119932562	667145.478197801	838.62086423859	1054.51189171895	64.7322193195312	0.240334110479063	0.525838367007467	0.561432604140893	0.577358747679152
sub-025_T1w	0	SHIP	0.736134465158009	1.24173437027285	0.597019712182101	49779.0738234069	3.70329	3.59521	3.96209	3.55257	0.247906066092972	0.374292488016668	0.377801445890361	0.264508962631226	0.0404197499155998	0	0.00132732829302308	4.36950567106362	4.25485738430318	4.33140846886147	176	256	176	1.95557539051777	6.3664485233247	7.55805847423135	14.3521515088516	5.47486709951617	9.49635718370675	8.9106833014686	11.7608256211829	1	1	1	151.012510601502	0	9.00998230745093	0	1861789	0	16.3593942765147	54.326129982506	5.59024612685197	191.800164181919	473.148923844162	453.994529513642	440525.113139811	154.347328608856	847.44507464394	232.153675295145	0.145297953211188	82.0433954989733	794.931637977335	787.470112670213	665111.762812159	598.810732761398	1008.84828113206	123.69055020262	-0.0730098896313667	56.186016866135	969.043834198376	975.24750784412	671347.12481307	843.461917776614	1070.18889688887	67.9512601930186	0.236431548103085	0.524963283340199	0.557743457063077	0.561115083225394
sub-030_T1w	0	SHIP	0.75460244142204	1.26781556250752	0.567827702783233	36211.3051754908	3.41876	3.29147	3.71746	3.24735	0.256796862380007	0.372668828414803	0.370534309205191	0.317783027887344	0.041420990228653	0	0.000586500289279225	4.99547652411265	4.8785523409434	4.96718829738375	176	256	176	2.20831335900963	6.02724016424932	7.13934704227273	13.1824876035592	23.3358475947175	37.170947951453	35.5697527703063	46.2024627647485	1	1	1	3100.50578250016	0	4.01366446790413	0	2586304	0	14.8878973778337	13.7394929606011	3.23761167545702	154.810629979127	497.410894990509	489.398411929607	399037.928591128	152.658014168963	848.736963972449	221.616102039875	0.653963691718258	82.4252856240578	784.05305260605	779.54755333066	579091.956042151	573.957611005753	1005.35155734234	129.337285226619	-0.0418892291446227	60.5028670479512	961.920636068309	968.956101231277	575775.115968455	827.609845547006	1072.13151270151	73.5032179763289	0.235092512635995	0.52157191639235	0.555758324154956	0.637923352767774
sub-037_T1w	0	SHIP	0.892594919828585	0.690885295436964	0.632163962803378	15565.2412962475	3.75667333333333	3.69459	3.94945	3.62598	0.236192475660894	0.346227479761358	0.417580044577748	0.500446557998657	0.12064323425293	0	0.00129649942918084	4.28446810047471	4.13964103067166	4.24806162416518	176	256	176	1.86193383702617	3.26490301042267	5.34039091895805	10.8943359094253	1.58349168441594	3.23156393766979	2.96891640482092	4.09169359237703	1	1	1	39.9888567197407	0	34.8765658478685	0	1472061	0	49.858213506639	157.671147200364	-0.267683606292049	146.456126115191	423.426105925697	381.097662203014	425004.032291107	145.913346223533	802.074716202915	204.678171843899	5.13140536201539	96.5375773157549	745.445931914659	777.737877644599	623000.688641023	285.939905539155	1091.02980528027	238.211441802264	-0.639589449700755	88.2355585388763	978.079410605925	984.744585558772	751392.279763582	821.458038948476	1116.55118022859	90.3904504566131	0.24283609068072	0.483398876618529	0.502836250938355	0.450713018334757
sub-048_T1w	0	SHIP	0.920413519542419	0.960208232833296	0.589425913642104	25331.355985715	3.46911666666667	3.33736	3.73038	3.33961	0.250337626607615	0.368364784902966	0.381297588489419	0.296364068984985	0.0650815144181252	0	0.0010730312598142	4.58035303879651	4.43983186873828	4.51545149598007	176	256	176	2.19616271895668	6.51591035465162	7.51993477663062	13.8477312562836	62.9665574201904	96.8593151054462	91.2354578007271	113.880500876545	1	1	1	133.122527362262	5.62867638389724	9.50382455046215	3.79648452810943	2023104	0	21.4934832733125	43.4970730481585	6.02657308293644	164.25098172223	545.550482497902	540.984098466113	423546.230661137	168.53999818489	941.5580565501	246.331228173438	2.85465473189352	74.7240030177224	834.837138528472	832.177451130003	623236.379877085	627.346648085862	1046.45462512597	127.714584487767	-0.156275010502962	59.8767070444501	975.778088909395	978.41683940962	645117.390275528	853.491572929546	1087.61808335595	70.6553342910023	0.237104546582664	0.520321910997051	0.548868594355156	0.543741901186165
sub-078_T1w	0	SHIP	0.787833254656212	1.21286498791447	0.54782682173635	25233.4475788952	3.71641333333333	3.5362	3.98057	3.63247	0.247486926992862	0.371805036545838	0.380708036461301	0.262653559446335	0.0369088277220726	0	0.00180702019182043	5.01934719162677	4.89493973953118	4.96345223216984	176	256	176	1.97178881451544	6.51393544730938	7.67331152746219	14.5342103205617	59.4179974844833	108.847920253983	100.28072725856	132.576264037214	1	1	1	352.369441949011	4.82593527656286	6.48721616816281	3.25504387915134	2283589	0	15.3211548104882	33.2029449710797	-0.243741009075428	195.991216274894	451.910559521612	437.691158853471	384848.606374232	126.609982609749	823.862830102444	221.976403850823	1.06431303639134	81.4584592371559	805.765163155661	801.807101748884	578166.499120631	606.869258400053	1014.59156498685	123.090935553369	-0.0541979777746851	56.2471077061465	970.798603128321	976.597345914692	592010.895475816	848.387902088463	1072.36859384179	67.1929536975999	0.219192241555061	0.516307696616933	0.554175265260843	0.59950240421943
sub-079_T1w	1	SHIP	0.786626765581312	1.08065860859673	0.538595658769745	20885.6021947874	3.67103333333333	3.51172	3.9363	3.56508	0.268826492904941	0.362698558879757	0.368474948215302	0.349849730730057	0.043342761695385	0	0.0018984920865447	5.61665649256878	5.47133616760527	5.53729859062383	176	256	176	1.75920934069993	5.23851447551915	5.98396192962702	10.954161972662	38.8553268772746	87.7187929024677	78.786688937625	109.785947033133	1	1	1	194.816728905684	5.70022422849845	8.59294365917137	3.84474281594157	2209843	0	16.3181450814009	52.3065962236609	-0.176696594261084	154.689291086351	372.054525300511	338.073225166649	374773.702314654	84.7017386779189	728.681485757232	192.173135003568	9.59176968670986	78.3672048513413	765.722638636296	763.225472737104	505641.6883124	524.000291876495	1008.29114077613	145.694876208449	-0.00444232210891071	72.6669806228428	940.059103045987	955.227820079774	513694.61045523	780.746934272349	1062.02949265391	87.2021878716877	0.198935021682103	0.523662107139078	0.558802882124806	0.551905310772309
sub-083_T1w	0	SHIP	0.780176290334561	1.19868549739931	0.536516647862247	26167.5203670407	3.54618	3.43236	3.79062	3.41556	0.256928046014579	0.364530821620568	0.378541132364853	0.321510404348373	0.046494060754776	0	0.000843886495667685	5.35179933989469	5.22955304287883	5.31186865257655	176	256	176	2.08778334443974	5.72695433004056	7.16281517643856	13.6737078548354	56.1729083473225	98.9087375175065	92.4790227649344	122.355422429974	1	1	1	970.840722806655	5.1938725718367	5.09234713761988	3.50321381352842	2395193	0	17.3637554235756	16.3593263120177	0.0780542079509567	162.410137115868	457.920053772988	445.334632521495	374042.272819546	125.99384637177	814.207815721631	213.304717851715	1.23232065103247	84.2762279917156	785.015309482388	784.141102382913	530693.083712615	555.518322639167	1013.7691521775	136.921008690386	-0.247011134889724	60.7457270358293	963.199436714534	970.024673601612	551089.644364475	833.490723060444	1069.33316953294	70.940801412632	0.22547779300196	0.518590673178036	0.550939636053738	0.529745466644485
sub-087_T1w	0	SHIP	0.871408350845948	0.955088432011695	0.547796678376324	17482.0908908003	3.61188	3.53177	3.81359	3.49028	0.256775941624735	0.360129208968633	0.383094849406632	0.331171497702599	0.0668330609798432	0	0.00205263751662805	6.19973442352809	6.05504451212878	6.12493265679046	176	256	176	2.06302618661004	5.79415970552896	7.02975632256485	13.2320830755555	42.6722255396514	82.2189386850026	74.4746135302368	98.5326763660564	1	1	1	205.243509862908	6.42859893628801	10.0317094866516	4.3360240906477	2122035	0	19.8822568058968	58.0115717941821	-0.0173134066742282	168.345668079542	441.627106747492	418.725968688726	324270.011709204	143.194551676512	799.132765129209	202.966557459111	6.73196018498814	76.6205369154327	807.866304791059	806.782498687506	454789.892192283	574.646574810147	1033.77159722149	139.240485714158	-0.234449448829369	62.8748334988169	962.52232746455	966.862867757678	483792.097175423	833.997218996286	1076.88507252932	73.0695131659806	0.217665194113918	0.522887328193325	0.56016352196808	0.462948701513025
sub-093_T1w	0	SHIP	0.862421996948709	0.844260057680264	0.578959359337699	18223.2119643875	3.52758666666667	3.42571	3.74248	3.41457	0.251439063782085	0.349797327925534	0.398763608292381	0.378123462200165	0.0658857226371765	0	0.00122324498710658	5.2111268462337	5.06404391039952	5.1519902369134	176	256	176	1.91456466261513	4.28966852361411	5.96708042722683	11.6970080954512	37.3220999911412	76.6156770309948	69.4373993128775	94.3744209164964	1	1	1	117.957157836763	6.75036557161617	13.9072072344051	4.55305238813162	1996661	0	22.6379038318992	78.7169633784874	-0.462360867290077	156.29692592742	423.234609757806	384.557809397578	375449.061866594	156.491276137531	792.676868915558	200.858871353812	7.98670778321865	81.712467164109	778.508887270439	789.429237142205	522317.720395682	439.130759000778	1058.95083480328	184.030182541571	-0.505590715691599	76.0950300800368	964.356894615711	972.410999901593	595434.219281322	817.256983906031	1090.40828766674	83.1332401764524	0.224662861943833	0.486037167918298	0.533193370700068	0.507527918106887
sub-105_T1w	0	SHIP	0.855884100936636	0.825758714380911	0.602694609379156	13449.1369699941	3.74235666666667	3.56583	3.98094	3.6803	0.252160675407769	0.344164951985064	0.403674372607168	0.448676615953445	0.101728469133377	0	0.00123822122754176	5.00602535607637	4.8649444383765	4.96746246761311	176	256	176	2.00814496499095	3.52154299330559	5.58329485905719	11.220196618875	32.719282218569	68.0756068743756	62.2475055166897	85.9476274571245	1	1	1	128.212669894346	7.44013161802842	14.1118072271017	5.01829251646996	1710692	0	26.4836340546608	68.1918368682384	-0.246283176554196	137.474431961506	408.285502971163	371.580278784037	390774.659785435	158.448539197445	759.316221863031	185.036344397978	5.31050711548569	90.961609136541	748.768973906116	773.108432263136	533354.147329073	325.735748440027	1076.9579501152	219.536637482943	-0.545259711942026	82.7534639321354	970.320367154287	976.074082493782	625576.194085674	818.888210445643	1105.54602941871	86.9925310142459	0.221853557465719	0.483960973750846	0.515495591294673	0.498973849718636
sub-122_T1w	1	SHIP	0.731514204832208	1.29056672672746	0.587442768785101	23749.1808284024	3.78523666666667	3.61072	4.04478	3.70021	0.252258150468051	0.373492952644844	0.374248896887106	0.281317517161369	0.0461974933743477	0	0.00146994423058404	4.7020388487729	4.58886180169826	4.66805122427209	176	256	176	2.23431068012762	6.41452360190904	7.48014214849156	13.791592163438	57.5635879047827	97.9754397411748	92.5676361124819	122.163880691488	1	1	1	179.70753380078	5.14972756167871	9.21946266914343	3.47343845665455	1976978	0	17.1044952571392	49.4183706785434	-0.2706575068851	161.545655359215	467.10744543855	452.481033235788	417348.497244089	166.870988711715	802.481037721038	202.5145809711	-0.0835737603836244	81.6166905993785	774.524257260235	770.140114948154	617925.415802672	581.144198924303	984.063059896231	120.061837725998	-0.0855450138195297	57.4692285874733	952.614466837375	960.274384751916	619176.087754889	823.642742604017	1055.02044551075	69.6274656273561	0.22943985869526	0.530490167080208	0.566478094823659	0.573103388206602
sub-123_T1w	0	SHIP	0.937859330324176	0.837124202581358	0.573175909549496	15918.886065991	3.88849	3.74025	4.06634	3.85888	0.250674119608943	0.355231054988651	0.394094825402407	0.466794073581696	0.0994661450386047	0	0.00149826780061337	4.94134019220329	4.77433157422636	4.84539472732977	176	256	176	2.03641677788499	4.52461595493971	5.72628387622628	10.6178188958541	33.6643202487596	74.324034908829	66.2564249119493	90.7809195782593	1	1	1	180.331483889138	6.96803095826069	13.0518581277049	4.69986546039581	2151854	0	31.4821870177984	70.1791294036837	-0.307301787846396	133.417298641991	394.188740767371	358.053720846772	396170.643172419	156.581547066569	730.656289920211	175.825141906882	5.60594169545465	82.2842479335784	787.402125041958	790.510458871722	561414.619703127	474.06437048316	1062.757077232	174.71311658483	-0.473120665448739	81.874363759563	957.77903082118	965.545889437199	622835.738664039	798.216855913401	1097.21123799682	90.9362952774683	0.2036559981894	0.494990715141648	0.522332496514162	0.471943515421776
sub-127_T1w	0	SHIP	0.707686023153032	1.43466864746415	0.502137253567253	42296.1908152367	3.60956333333333	3.41027	3.82216	3.59626	0.251587193646398	0.379584783152588	0.368828023201014	0.239543795585632	0.0296198688447475	0	0.000495215690817408	5.47596416556679	5.37506034731663	5.45221841544288	176	256	176	1.98028008243394	6.86615494736183	7.85157696601288	14.7082958682429	97.6209461113294	156.617319541812	149.575649526717	194.48868292701	1	1	1	621.850271096676	3.25164480887695	3.56447378959462	2.1932010948658	2730370	0	13.3336657471955	6.415156085915	2.83156828613804	165.686083215957	482.507348529847	484.522982787341	357899.388022968	62.2071583271027	863.024630829692	244.673624800102	0.262721242068223	79.6283473082935	780.224822951188	777.340251691639	539984.407092206	595.578710954636	979.413825295866	113.213223102357	1.01727418336999	53.3934857821272	957.106763909354	965.307554617524	524682.206101844	834.513016596437	1052.03868882358	65.6300800151802	0.219267463422438	0.526283058169054	0.555840977859886	0.630116483373463
sub-142_T1w	0	SHIP	0.950951169157509	0.758611936977907	0.584476554722841	15852.5304193511	3.47274	3.4586	3.60278	3.35684	0.252957750596794	0.341905322703114	0.405136926700092	0.466216221451759	0.10591299533844	0	0.00196646580341393	4.78899420843601	4.64204019387117	4.74057498056184	176	256	176	1.91680405398118	3.63788579301421	5.61183042238905	11.2808014201718	34.2646887736091	69.427583734726	63.0169138498231	85.3584690411343	1	1	1	289.900392765504	7.44622740124317	9.6519746309556	5.02240405976772	2090560	0	22.0263602882624	50.2237823259987	-0.139415299303588	148.973216177813	433.088253339119	389.449684739113	409050.390173676	168.923472493887	810.872059375048	203.176327746559	9.00660569978979	90.2307555680055	768.411289841637	789.108308449388	552884.840745964	347.760448426008	1087.9249369204	216.913789964569	-0.578955751711175	81.9571695666242	965.89917840318	970.177463963628	655134.770725374	818.126643016934	1101.74475462735	86.0024644869105	0.216116799965694	0.475899162455724	0.507826677638268	0.478848366034251
sub-153_T1w	0	SHIP	0.750293978782452	1.16454407552346	0.524967669235681	20690.8902316774	3.67785666666667	3.59406	3.97428	3.46523	0.260315055017867	0.360659644985588	0.379025299996545	0.290687531232834	0.0358785033226013	0	0.000653804278509705	5.51498301950182	5.38510568327703	5.47010097811723	176	256	176	2.05653716535924	5.08522961245931	6.46962469696766	12.2671073130844	49.6259933021348	94.0954701172129	87.4002763781165	118.479365715002	1	1	1	1302.34584367202	5.34422276245924	4.70318567184897	3.60462347604334	2278364	0	16.2059105038643	13.5420743166948	-0.325500989333141	159.266671747339	435.597822079148	404.820069553331	367937.889382625	167.778838157654	784.526935881004	196.845224220455	3.31213479264399	82.1950294292284	766.871448665479	767.576268460602	509768.244300645	506.911347672343	1015.19304807112	150.942154846209	-0.382437277139976	67.0457037472159	954.793595661329	966.485945729539	535726.86717552	808.329366933554	1067.41540305875	78.7867114087993	0.213548119930662	0.496835877015018	0.537870549850342	0.536770753033868
sub-158_T1w	0	SHIP	0.784388938660237	1.19284592684738	0.49513832368434	26649.2668808264	3.60751666666667	3.55607	3.78642	3.48006	0.257949603966747	0.36397645314959	0.378073942883663	0.312748968601227	0.0449059382081032	0	0.000465438413790011	5.63292758018491	5.50416427210769	5.57814581253479	176	256	176	2.13785276183091	6.07225810708403	7.3908779754363	13.962523057394	56.0351196723789	102.093183365552	94.3218893963896	124.837365151238	1	1	1	11067.6149710181	5.07166311878632	4.18686470209477	3.42078479006887	2931353	0	15.5490217730403	7.50180797570905	0.399122341100985	170.005500907416	454.337173475386	433.789436519146	357737.924385298	162.953748181462	804.280218947679	202.908655810424	2.32716481961471	79.0508813390992	792.707183103246	790.342641249299	504781.472320628	577.066604420543	1010.74295714498	130.156169987348	0.0542009371334768	59.0576308625613	958.330968628491	966.414109617472	524332.604165592	831.109349243343	1059.8495949991	69.214796214023	0.208388378511371	0.50958185456477	0.545363943353648	0.584890327502809
sub-178_T1w	0	SHIP	0.964225683928736	0.59655592981851	0.633249483712801	12295.2565550502	3.50395	3.40169	3.71275	3.39741	0.255289912873968	0.352567912418464	0.392142174707568	0.514298796653748	0.116570535302162	0	0.00116904354783456	4.36922722803886	4.2145541803938	4.30126801699332	176	256	176	2.00984983241352	4.50661568651236	6.02320274093962	11.553142703893	32.7356836662286	61.5335764224145	56.2030157160641	74.3397870595491	1	1	1	52.610859057071	8.67532632955837	43.0615865039322	5.85141868889332	1653125	0	53.1071797460318	202.126794190269	-0.271937192637234	167.192206794337	461.979390708703	433.486428819597	452544.004369348	157.099481508136	839.345273196697	215.680765241465	7.98579180822683	87.1925203249285	810.890667035574	814.828569576144	624985.504134515	491.037724025548	1092.10433997959	180.807056642653	-0.447194894436771	76.3209088486465	980.059968570299	984.408608667553	695137.493003403	832.160619869828	1113.84347143769	85.2069368335627	0.221622965640719	0.49514692988878	0.517821644914312	0.440995437577769
sub-183_T1w	0	SHIP	0.845240153671845	1.10914423140297	0.537728427119486	30352.7265153691	3.5758	3.49254	3.8096	3.42526	0.253335849514813	0.365149348427549	0.381514802057637	0.251875132322311	0.0403152823448181	0	0.00100207945631008	5.49835073584763	5.36407519098422	5.43373811039638	176	256	176	2.21126632024309	6.65225943689058	7.87821127199049	14.7711080588378	16.5568282624226	28.8369005844544	26.5782215189837	34.3409357100741	1	1	1	407.756698274406	0	5.45640938971136	0	2258009	0	19.2933686766773	18.7255134637206	0.556751291304017	176.298250862794	483.846528740114	473.237497633323	359975.802191835	160.233061891049	840.851976918057	214.011689131302	3.27520208740513	76.1167698100113	827.3880297658	824.234113913029	518856.410854505	624.106289673597	1033.01273982413	123.902762279867	0.295200801403751	56.8561859032511	977.707837862645	981.55384740606	542110.78764329	860.02643423155	1080.78537998348	66.4508673410546	0.225608849849828	0.525529181566611	0.562861826024264	0.55972198677742
sub-189_T1w	0	SHIP	0.813837925938737	1.14264405347975	0.54746095976881	24298.1965105602	3.68347666666667	3.56207	3.9083	3.58006	0.256976980051329	0.369262383466479	0.373760636482193	0.337250858545303	0.0496243059635162	0	0.0012876066111339	5.29241464799181	5.14572572040748	5.21216174399451	176	256	176	2.03107158181578	5.95698870761783	6.5272959289639	11.5938274974581	56.2031081698326	112.168841288915	102.122398756413	137.995246810492	1	1	1	586.012983269897	4.54878211445695	5.3902386345548	3.06810691207647	2257020	0	16.6590598449111	26.5627143995408	-0.560628182387329	165.748597873064	417.693415765309	390.232771709561	379764.949910199	148.841219618917	762.082258202136	192.131218525731	1.76581891706205	77.630041870691	782.758834326696	778.817386813462	545702.228008352	568.537960186601	1005.65444826335	130.739994894614	-0.215982903736829	68.306918198085	946.871536743047	958.136825509369	552349.822788456	796.516053132713	1066.6362426728	82.6419022010758	0.205972620569994	0.523432678815422	0.551251759751044	0.626566956291039
sub-203_T1w	0	SHIP	0.913082114962006	0.93355391540134	0.558849877765397	19204.8031368307	3.86355333333333	3.71499	4.07527	3.8004	0.253549834284338	0.357964481775045	0.388485683940617	0.377651810646057	0.0673266172409057	0	0.00142447247999976	5.41102921027958	5.25241362003182	5.31180103671403	176	256	176	1.97969170515333	5.42088080534113	6.6450367895342	12.5345378581081	5.81013373508005	12.9993646992769	11.4679981744225	15.5944960889106	1	1	1	403.191394625282	0	7.71796017237668	0	2197342	0	21.0533887222409	40.7051744729711	-0.542424044901723	149.677099527135	397.90633043419	360.997354745865	367243.86245328	152.834668301046	744.197771318257	182.350040822214	4.35742339293029	79.2063512444306	809.835977900009	807.68128304556	518478.97782781	560.034510925412	1050.11859891191	148.994330101202	-0.378980430907318	68.0205181836838	962.749968487384	968.922935921699	562686.161798724	825.393434308469	1080.80049988255	77.3001833741057	0.19298503886763	0.499200884112818	0.526818554307238	0.467076550051957
sub-210_T1w	0	SHIP	1.06115184167152	0.840657200941152	0.523814818445111	18807.019233843	3.38447	3.35174	3.54383	3.25784	0.251349212987603	0.36126563696656	0.387385150045837	0.392928838729858	0.0803441643714905	0	0.000523368198491613	5.80045360244804	5.6341252587963	5.70466994320564	176	256	176	2.09888371164571	5.78981660167195	6.69711699966692	12.2026506856831	42.6973459165328	75.9970930241337	69.1057454409866	88.6227973822932	1	1	1	50.7697325923802	6.92014872371586	5.66924663470542	4.66756938397884	2511585	0	20.3092713654041	7.68600532714417	2.04652671249938	166.664650559722	472.15103039975	451.008345514536	338268.033160764	161.155849799514	840.269380018115	214.879784129131	7.91092125300819	75.6990314586628	803.954984905005	802.750673443079	486194.545877794	572.222628295422	1027.72039169073	138.648579588191	-0.351746470075257	65.8206512194654	933.3806207175	936.114888742566	521346.421674118	802.073697730899	1054.9419413805	76.7139874006707	0.22525998173448	0.506478793703031	0.533283660893037	0.454832889422741
sub-217_T1w	0	SHIP	0.833098752449363	1.05099553511812	0.551343514225203	26588.6126406241	3.7689	3.55343	4.03021	3.72306	0.259267677241661	0.366029361995158	0.374702960763181	0.327853053808212	0.0533408403396606	0	0.00142774599607352	5.08772881647104	4.9369443948198	5.00464790839297	176	256	176	1.77315972355805	5.55780579451172	6.3723440727055	11.7860667000467	50.777321200269	108.489351296301	97.395955205597	132.921193120221	1	1	1	168.101549186058	4.75229853964648	7.90947440532188	3.20537665486336	2201707	0	16.8540772497654	41.1421664274899	-0.508753994074481	174.531996367339	409.176893181399	368.333967380226	398086.592108161	124.337594434619	781.00036188215	207.727200125193	6.69851908610132	79.0644507039572	792.389767015419	786.97166839242	562011.365544655	562.259254999459	1027.01302014291	141.597421239631	-0.341793770538001	68.5825664249788	953.682443542832	964.197977632284	575329.043288409	804.213492818177	1073.07738465071	81.8082201821064	0.191518319681176	0.506210812219943	0.52958194469694	0.613445752338374
sub-227_T1w	0	SHIP	0.79528742680185	1.19912491275484	0.531720784422063	25421.7068685776	3.59727666666667	3.41974	3.85658	3.51551	0.256417528659043	0.371892253511207	0.37169021782975	0.342778831720352	0.0605143070220947	0	0.00140788061304233	5.47836163989981	5.34513838414013	5.42131493543172	176	256	176	2.06799983898393	6.07693486498547	6.7748076641541	12.1794882884929	54.7161360730781	96.9159422106025	90.5012770891743	119.871752983842	1	1	1	372.535931621775	5.17216891890594	6.22095138525472	3.48857492208481	2356556	0	16.5416594222188	30.8554498475916	-0.31416293223094	168.612706756334	442.491306623326	431.972789727151	365256.513054156	121.140764169395	791.150649413467	208.884058042775	0.200123064317211	80.5134295043025	768.809059823942	765.131694786251	529745.639698355	563.811850324273	984.243271350861	125.907384169206	-0.146657645915119	63.6176777025431	937.270723304571	946.363161988556	529457.847951404	795.685796812177	1051.63091026247	77.7013160045989	0.222412715688638	0.51589376254985	0.547171542953004	0.546025703866887
sub-238_T1w	0	SHIP	0.899461059748391	1.01514780826401	0.549138656320571	31496.9085872576	3.57387	3.43086	3.77068	3.52007	0.252336919340648	0.369289363904321	0.378373716755031	0.29015551507473	0.0489333316683769	0	0.000821600965423586	4.92945758329349	4.77732399765518	4.85023776886907	176	256	176	2.05206362810037	6.17460051058442	6.97777653353827	12.70666546193	68.1074298518867	118.280885137858	109.088765161365	140.87798049435	1	1	1	626.732250796628	4.53057235365389	5.02163282712593	3.05582461506128	2373443	0	17.5150923058391	16.4092246199102	0.156597105325817	178.865523165392	478.880449657339	470.994496360421	398562.126919991	117.761046141386	856.922785550356	229.522076724764	1.87314931962935	77.1670656984137	820.801937109854	817.967232733965	583286.641967526	602.817304551601	1039.84991271049	132.472785917182	-0.172905272279474	63.39117902958	968.158275581801	974.236637845635	597635.231953215	831.805397860706	1085.5630614236	76.6712420097828	0.216390136909314	0.515230536707314	0.528530703341538	0.633301033591731
sub-243_T1w	0	SHIP	1.0125669421612	0.824792606269826	0.526573703730862	13855.3166966361	3.54959333333333	3.44342	3.83219	3.37317	0.262616217226287	0.345883833260261	0.391499949513452	0.456824153661728	0.0952181726694107	0	0.0007962401727995	6.2960294317566	6.13154561349555	6.20302160056518	176	256	176	2.26516023735863	4.49159242806198	5.92984400512246	11.0327793499468	30.9442424770697	66.0334699681637	58.8554678918254	79.5886912302429	1	1	1	763.532819051951	7.72613734215453	6.11721522599675	5.21120044589043	2426608	0	20.1108298897743	16.3596835625865	-0.115242381579102	131.507563070334	393.698553475332	364.930825591087	326830.872194274	175.7128713727	700.062392294407	161.105718388049	7.38889270708917	81.614126853745	771.428391545394	778.744179308415	430459.002480197	454.805683985353	1039.70788614452	173.377991709941	-0.554241732845527	80.2538914061826	933.75166283163	938.603257775307	487229.125889214	787.478444844484	1065.98407994211	85.0739659335376	0.196727011880084	0.483643621642219	0.514788027268802	0.421830416783494
sub-299_T1w	0	SHIP	1.12508156157503	0.761543032827344	0.555572695354386	15138.5240790843	3.60096666666667	3.45479	3.88264	3.46547	0.241098950494265	0.351108974775901	0.407792074729834	0.54836231470108	0.100733083486557	0	0.00168614692399241	5.16561519407707	5.01697125434697	5.13077362448337	176	256	176	1.73081366597632	2.69538010606932	4.28795037011088	8.43765733828698	36.2065777112271	68.9275345589001	65.1153942468392	90.2120704703905	1	1	1	284.271559385191	6.66893492293044	7.61297708314667	4.49812825024128	2049451	0	19.6911068856716	36.5594040703996	0.213151786657174	148.255553286684	426.194597869681	368.563417539001	359380.890174338	161.586607143283	815.450886428356	212.941989081917	2.56000088902205	136.363396605934	659.898519019301	701.645096153021	523361.282346867	225.472610473633	1038.75307138264	260.313721336377	-0.738289053041111	107.402497395166	907.381451297452	918.310182780027	607852.827737356	720.581272423267	1068.00663273036	108.834643383849	0.244132239965294	0.46214872980356	0.461363883124105	0.490919486110177
sub-308_T1w	0	SHIP	0.774830439402181	1.21317595422102	0.573583426332059	49188.6069525723	3.48328666666667	3.41769	3.66967	3.3625	0.246152093625131	0.369941980207968	0.383905926166901	0.254263624548912	0.0322611778974533	0	0.0012831652332874	4.69476022301882	4.57750428849575	4.66269735642484	176	256	176	2.19227893036454	5.94697436411704	7.55206696206679	14.5169475917188	11.5729221352953	19.0405699905975	18.0257294026837	23.4636960821582	1	1	1	643.078132273744	0	4.57425480652402	0	2446147	0	14.176833210513	27.3438676109505	0.361126270245723	158.005912111895	491.84361486385	483.026818139479	406927.810621644	152.459485223517	850.818092934787	220.330642211885	1.35806709706467	85.8484648184231	796.878251093959	794.709048466757	611571.804432115	576.515879714862	1020.60192846693	133.632390200793	0.108803967640621	57.1937436323996	974.031816756834	979.320030659437	634656.385485328	851.702519226819	1077.25723623298	67.4604115593939	0.232764392114172	0.521855479871914	0.552074982329262	0.61884410546387
sub-309_T1w	0	SHIP	0.823761711003397	1.04724049009189	0.589386761757308	19173.4105930285	3.76285333333333	3.53675	4.08245	3.66936	0.252644006701592	0.372168379341418	0.37518761395699	0.372265636920929	0.0662299811840058	0	0.00150806210054955	5.0951812149656	4.94632315257452	5.01722986170948	176	256	176	1.96143455867889	6.06089894437148	6.53381197743851	11.5791024292652	42.447528305871	79.0300668962935	72.7142674690793	96.6652072050733	1	1	1	165.221032514296	6.60290441099515	11.3616098652385	4.45359134674072	2064892	0	19.2314171791077	66.7449405515579	-0.174165982454564	184.13099346116	450.153887891532	427.814683914185	386821.470378776	130.233807563782	818.51610660553	218.112875106436	1.39501298803371	79.0347649194874	803.103633897424	796.518064498901	569824.400763931	591.619123220444	1027.39628863335	131.419014389428	0.13288651020385	67.3796381940187	963.36309157152	974.256846427918	574447.129751892	809.372748613358	1085.83280539513	84.1391640141275	0.214555929847846	0.517006885574273	0.538721012729835	0.484082412700542
sub-316_T1w	0	SHIP	0.95082730786343	0.778407742384715	0.577583969458819	14653.5741271715	3.75289333333333	3.67297	3.99407	3.59164	0.249748742603789	0.34856668809044	0.401684569305771	0.470834791660309	0.101178565621376	0	0.00154976212669583	5.29668122771114	5.13454503188003	5.21301623607558	176	256	176	1.89858505368669	4.08920113398095	5.5683396213224	10.7172326762996	30.4421411757605	69.1546561311264	61.3948361119226	84.587711028881	1	1	1	141.92551715752	7.28793452246924	12.8757559806976	4.91563713550568	1985859	0	20.49289265275	74.4531292165054	-0.0913958686673673	126.258541321697	378.030537036904	338.647542119026	367980.546879385	133.386477947235	722.631872683764	178.368138587132	8.0912261784978	81.1521357637115	757.718965226005	769.297211706638	513579.204324333	395.044514119625	1043.90861600637	188.128790329422	-0.47849079303767	82.0877489794339	934.54174519184	940.979160040617	591843.249920353	782.184152305126	1070.47962754965	87.8004978994989	0.204435212839806	0.489023337428102	0.520326686509463	0.475678999198647
sub-386_T1w	0	SHIP	0.928839470372926	0.872795330666815	0.582120326354225	23288.179556517	3.53862333333333	3.43716	3.74033	3.43838	0.254083544174235	0.358271665531365	0.3876447902944	0.33512219786644	0.0671439856290818	0	0.00177672871639059	4.76406201104739	4.61174953245173	4.68644957427866	176	256	176	2.11306867941834	5.56434219782397	6.89364006076056	13.0035093050394	49.5890682942404	90.3404808528737	82.4495369567503	107.419061723137	1	1	1	190.397495020484	5.94963054840391	10.5220858111406	4.01296482235193	2079633	0	18.1783876568079	64.892697036673	-0.377539626216263	171.522255040739	474.092422765897	450.343830063939	414991.603931024	172.969073496759	843.888773411512	213.122882306727	5.52394169995839	78.4130795353747	821.574237028946	820.42836368084	585160.812382029	573.682475373149	1058.77103505284	147.443782838026	-0.370892969037952	65.6493422050381	970.915140048023	975.52773912251	633135.584607023	839.086935162544	1087.75355876982	75.0202845896475	0.213954723174436	0.496577304536767	0.525052786965217	0.494944748977639
sub-402_T1w	0	SHIP	0.900562278853772	0.946549650187929	0.485452843050176	16010.4653398549	3.82222	3.7256	4.06072	3.68034	0.253579528851403	0.353478057567451	0.392942413581146	0.45778015255928	0.0880742251873017	0	0.000392515307334901	5.93367736460588	5.78178723648386	5.85517571795541	176	256	176	2.08521022265628	4.9947414794464	6.4644402282915	12.3133689827718	37.2593110908829	76.7034870719575	68.9592866582675	92.915061811962	1	1	1	8.18173860994558	6.66462876433685	5.45851848231493	4.49522379040718	3493445	0	19.9787724018097	7.62972975020943	-0.472898130676276	145.649907787278	413.597502969256	379.034772660583	334336.494579879	163.888367358595	750.358987847343	181.772658552899	4.73016719604628	78.9573379997129	777.970894386033	780.29592961818	466049.508070739	505.619025925174	1026.09726382419	156.223319202851	-0.439811402408358	69.5620627277659	939.965582443404	945.214452428743	518081.998667418	805.082094129175	1058.84372046404	76.7631946647611	0.218221535091617	0.493628062647237	0.534404138842484	0.492101413944417
sub-404_T1w	0	SHIP	0.815782178094087	0.921756964586597	0.550883965771227	22315.579456	3.72997333333333	3.63626	4.04503	3.50863	0.25725687185286	0.352640140350681	0.390102987796459	0.373429849743843	0.070054292678833	0	0.00198428095923274	5.81309107750717	5.66111664537754	5.74900714089754	176	256	176	1.8885566723074	4.25825078638322	5.65954806788848	10.8318367449748	4.63163778447035	9.67223528574881	8.79516878565208	12.0816332867371	1	1	1	313.542763045112	0	7.85848876013139	0	2097027	0	17.835991051048	52.4823395097263	0.147011315783415	151.33612634348	415.377722312849	371.035996001214	345062.758644571	158.154812488705	776.931708857417	196.465090937395	11.0888443047865	77.1232182327352	765.626632877956	774.833356969059	473001.862931041	426.676165428013	1042.54244466126	181.960287634261	-0.198625117606095	80.334594919069	953.021015004557	967.847886312753	523251.379661987	791.68786084652	1079.39898024872	89.352063205814	0.215950453155083	0.498342598440247	0.523964205366085	0.4884785542251
sub-439_T1w	0	SHIP	1.01001912610238	0.768192252536128	0.53092863180012	19835.4085207612	3.64626333333333	3.58918	3.79897	3.55064	0.246783256852986	0.345172425460406	0.408044317686608	0.383067399263382	0.0716156661510468	0	0.00118210999613949	5.3363386713456	5.18013571838035	5.27056189158602	176	256	176	1.84129743229251	3.92458420124953	5.6706489404197	11.2460651877171	38.913088820348	81.4845560614822	73.1150448803452	98.9474897592053	1	1	1	812.452157044222	6.41797589831639	6.26992622820869	4.32885896041989	2224873	0	18.9261740595102	28.1726631835852	-0.285316863563005	153.583655799246	432.331845830891	381.208044886589	359474.610340232	168.557043086737	817.483202595264	207.032013389685	6.10927505695568	89.7024073229802	777.681181924785	798.25501511991	502792.307407181	368.724823698401	1074.99997517094	203.398418880537	-0.655641132518971	83.0854244200649	963.18220870119	969.328836672008	594374.083446513	814.295283205807	1095.50333040208	86.1926376089769	0.217169451381424	0.481205114385098	0.49947045695989	0.48942731277533
sub-469_T1w	1	SHIP	0.979470140338038	0.874808944044524	0.545700144832941	13133.16	3.69892	3.47482	4.0032	3.61874	0.253564364949806	0.365467568141451	0.380968066908743	0.469252586364746	0.113040417432785	0	0.00149898830292848	6.03560165000277	5.8718571879154	5.94017647768575	176	256	176	2.10254843221056	5.9143203821968	6.60786571181146	11.806728321027	34.7337664347086	64.5386121202295	58.5420551076799	76.3537867681017	1	1	1	229.31593053822	8.25730684293084	12.2433070975568	5.56946882978082	2233644	0	30.2022202312946	58.4602407935426	-0.376508501001215	176.839370038875	456.489120096538	437.782677412033	328744.931629078	148.581467103213	812.544385381043	208.214947568091	6.0721722108407	77.8071060904356	818.103914789024	813.441481031478	473826.875180547	596.605986524373	1046.3125602901	137.537463324693	-0.137625152615948	68.0535087457656	959.75593038836	962.359359003604	493923.194347788	819.795908555389	1089.85907832161	81.5093189778758	0.217817121785397	0.52438781777783	0.549364268894592	0.433200969174855
sub-488_T1w	0	SHIP	0.784613414111105	1.08724366573025	0.608769003995523	23645.3641494222	3.72186333333333	3.47286	4.05381	3.63892	0.256333699083713	0.366750829551262	0.376915471365025	0.34022381901741	0.0667109042406082	0	0.00125419648551672	4.82486218523568	4.69707910446012	4.77438265328001	176	256	176	2.01897377703259	5.88863056755044	7.08748588999562	13.3548533254038	4.10752584044825	7.31796723187958	6.8126510507835	9.01246008002266	1	1	1	105.422564109648	0	12.9762526310316	0	1856633	0	20.3769173882902	71.1580498423723	-0.297407210480494	175.212196076368	459.965017364194	446.141488220543	413470.10191591	125.651581820101	827.980861462653	220.974117537659	2.03243796711147	83.0663619276304	798.869338263154	794.845587927848	591574.589741251	577.005769837648	1025.66247684136	134.979586001293	-0.148644250856401	61.3404819699808	971.509436044632	978.893988452852	607970.309467913	836.656543642283	1080.6692180559	73.2986847215788	0.214231827791754	0.512424565727862	0.542038569165683	0.481582439654245
sub-504_T1w	1	SHIP	0.871089903151131	0.971768037659135	0.605179127743371	16776.2737966468	3.43370666666667	3.26677	3.68487	3.34948	0.245332925442714	0.370280558741171	0.384386515816115	0.392333835363388	0.0721998810768127	0	0.00125739119240693	4.79630859101132	4.65319908866697	4.74069666256309	176	256	176	2.1414331619037	5.40799268901752	6.47914188041311	11.8879997903181	47.3192507922627	76.4893289669609	72.3505540056913	93.2430822578505	1	1	1	174.797833044033	6.99579475092765	13.141477528587	4.71859185397625	1919025	0	31.9436251167208	63.7750954749164	3.35099069378097	160.489054582136	515.212183791745	505.292892152444	396450.893005463	151.336416369304	896.190975213423	235.959853368655	6.07433742330499	86.0206604571301	822.208835132347	816.782041249797	598362.645008187	576.630550576374	1070.80991717801	151.03226015708	-0.123483239228776	69.8198726128766	990.613391298039	995.684967923909	621157.462576872	843.355163795874	1121.16225919873	83.7553990587219	0.247398603930011	0.526735733713925	0.554022061536241	0.516764141975607
sub-519_T1w	0	SHIP	0.757814257955963	1.26872922892007	0.524818526779941	24091.95305626	3.62126	3.45607	3.81618	3.59153	0.254725917928052	0.374526948599354	0.370747133472593	0.303611785173416	0.0450677931308746	0	0.00125890574638584	5.56734867242191	5.44038650395615	5.51448501016584	176	256	176	1.92870626465844	6.26137035995273	6.89818889061328	12.5044900472287	55.2683246749167	100.910859390043	93.8880008707903	125.484818547411	1	1	1	177.842672806635	5.00261117652911	7.61538664323825	3.37420996278524	2394135	0	20.2200791053474	29.290077177178	0.241002268854122	181.661984962617	438.247987921849	422.028052061796	357241.127926442	96.7693200521171	801.072698105127	218.813755685798	0.0717241646576672	80.3777750975162	775.460988291622	770.553724411875	525256.442865279	576.763277594	989.600384607911	123.064592351464	-0.0868045955269601	61.8233142412851	947.798204790053	958.200087416917	519955.429799074	805.705941636115	1058.34361743182	76.6284080655989	0.21755956754433	0.525655602439964	0.556655875675766	0.615067563199069
sub-531_T1w	0	SHIP	0.840775287228125	1.06131050319964	0.558902380912348	30527.1968543522	3.65290666666667	3.57527	3.87334	3.51011	0.251574851069101	0.369084222257536	0.379340926673363	0.326094567775726	0.0580184742808342	0	0.00196997899979064	5.05390117222481	4.90803142125696	4.97787584756024	176	256	176	2.05132090241917	6.19192035683078	6.93063343901414	12.5486590577925	6.72844720532523	12.402176891776	11.3676595676018	14.9723546057042	1	1	1	354.026487295698	0	6.76235636265328	0	2113799	0	15.4105324745178	43.0750439245149	-0.396702709792063	180.696556809701	462.747903056021	442.393612861633	388413.456855637	150.677506685257	831.875777721405	215.662524011496	1.68968825054218	77.8385167795634	819.434012863576	815.439829587936	569839.465386574	604.20420384407	1040.79689383507	131.694057270688	-0.0705526632378764	64.2428383465258	977.173067057752	984.428330183029	585675.078529812	836.03603553772	1096.08144664764	78.4488195294027	0.216248122456862	0.524511001033374	0.548638908777982	0.580618962865684
sub-569_T1w	0	SHIP	0.815557077751808	1.15607322337592	0.546823609874043	22534.4726533966	3.72451	3.51252	3.95243	3.70858	0.252419195194163	0.371001500881743	0.376579303924094	0.324617713689804	0.0514687240123748	0	0.00159246611211415	5.1499958786717	5.01432745126704	5.0854485626652	176	256	176	1.82976265641569	5.95022555122435	6.69746898344805	12.3124187427041	51.3164608589455	98.1915158974781	90.1655913152023	120.988797189183	1	1	1	285.328955048872	5.1860416579004	7.73479864479396	3.49793194234371	2324644	0	19.8897006064653	35.3837971054787	0.496967069303151	178.785947082216	420.33239941473	406.219687610865	382530.688808133	54.8434876799583	794.158212661743	222.006474567981	0.906948143565441	82.1060171969778	779.827845430598	777.281329348683	562237.192666662	564.903242513537	1000.97024720907	130.630449453928	-0.215871944722797	65.0715737951152	949.688552536099	957.743978753686	570690.118911773	809.273363828659	1066.07773956656	77.7867582038245	0.213875514106472	0.52954922408913	0.554914100191048	0.614238901368603
sub-578_T1w	0	SHIP	1.1183437879155	0.753355974093975	0.530752896755941	15676.3666505855	3.46750666666667	3.39606	3.62236	3.3841	0.255587898783093	0.348586967924149	0.395825133292758	0.531629979610443	0.134370739758015	0	0.00189938133045625	5.61074106583407	5.44244501778606	5.51555877570729	176	256	176	2.09292231957261	4.9623286607603	6.29046147968854	11.8161334587327	35.8019746460688	71.5597610134595	63.8499584860155	84.1881397985182	1	1	1	303.41361371379	7.41473265017317	9.18878135112079	5.00116117298603	2231749	0	21.6121607832611	53.4171732698949	-0.539613278919719	160.370074748031	434.241249309606	405.20122275129	355808.514760253	168.039015412331	789.61190405488	193.605204336738	5.59820628633687	86.0108987420088	803.715127766192	809.902329385281	485274.192997419	513.940755683929	1058.24570420384	163.209966584857	-0.521288800171767	73.8295522452957	949.578715767011	952.82837119326	551035.293346181	811.795626115054	1077.32156182081	80.6378423145275	0.205774692063378	0.486875907232085	0.511997709794249	0.449895166987706
sub-590_T1w	0	SHIP	0.902552869697928	0.847033099025521	0.549511777011696	14692.4286451492	3.65674666666667	3.53319	3.85592	3.58113	0.247438077395893	0.347787949285661	0.404773973318446	0.444529742002487	0.0963046997785568	0	0.000751738892045082	5.12533789143628	4.98007401779572	5.07092794568574	176	256	176	2.13221857517146	4.32303894366294	6.40876621645792	12.7710411305394	36.1270741249143	67.1504020625155	61.5879394584494	81.4863421879183	1	1	1	1684.7343791538	7.74840620118358	7.35561086139287	5.22622056305409	2500691	0	24.7872175276279	24.9835547330074	-0.334078837535194	151.25995819882	458.006148558649	427.28086117655	375021.851721212	181.835145447403	817.754197530448	200.392350238855	7.01356080436032	83.2953666627235	782.790219481757	794.198874849826	527114.024325166	442.884862571955	1057.22708975896	183.712923212801	-0.28747398269494	69.7356558106523	958.365358818468	963.752401974052	613483.125152004	825.780179109424	1074.62293820456	75.4638252783659	0.225886128859846	0.482130365310585	0.512253076310517	0.463783997413143
sub-627_T1w	0	SHIP	0.742059639842593	1.27218909268495	0.539746457495701	25611.595515648	3.57127333333333	3.47532	3.81148	3.42702	0.25806685730972	0.368866409992969	0.373066732697312	0.279238373041153	0.0376188173890114	0	0.000406304601133418	5.46514449481644	5.34326368983492	5.4228321863825	176	256	176	2.21520813379249	6.07102692789596	7.26279265090956	13.5021428910402	57.4482973437411	100.448795090911	94.1764162268265	124.632156245827	1	1	1	3783.01126335363	5.08067589005456	4.80836895873312	3.42686381191015	2637751	0	15.7361586242914	11.9950609282034	0.624563989682809	165.060998316092	462.639365224931	445.519710458815	368349.148311696	173.399308882654	801.611982882023	201.118395563014	2.54144403896229	80.3966152842233	782.73821109231	778.994681723416	526497.781924147	572.341086409986	1001.52151021361	128.313372875106	0.0053077256172509	58.7732586961511	957.574361787935	966.540084421635	532493.070536207	824.28411386162	1061.86172821373	71.5841318418724	0.217766781615273	0.522506777388592	0.556229281584664	0.590225791583039
sub-683_T1w	0	SHIP	0.908518203722658	1.0364608239893	0.530532870647226	25506.1179768204	3.53428	3.36246	3.81101	3.42937	0.251504700640041	0.369950800419664	0.378544498940295	0.33167140185833	0.0716069892048836	0	0.00105822188875546	5.69224022819583	5.54414571942624	5.61408327655256	176	256	176	2.20645998676993	6.62592052285568	7.28896059219103	13.0345012669475	52.6171928358714	88.2329454503684	81.7753195024477	104.475820221103	1	1	1	578.555108138954	5.93594931819929	5.39037151104928	4.00373697280884	2493431	0	17.0158821344376	18.179148336522	0.962294327611557	168.383095659586	488.860256145361	476.744980037212	344950.769348127	161.117048680782	846.99055659771	216.067498101909	2.35740948391304	73.5563053013528	803.982074045301	799.446180045605	507405.280700355	611.036991000176	1005.60526967049	120.654238080407	-0.088549744939955	60.1509530910861	943.296928302569	946.616878271103	519191.950725582	816.762342453003	1057.32020556927	72.6238731546958	0.215170331391597	0.526013146068398	0.545437754192452	0.49016904154563
sub-706_T1w	0	SHIP	0.950667633366555	0.784373500338642	0.573869916726139	17642.8495852623	3.47409	3.45027	3.64518	3.32682	0.247738929950907	0.34645872718778	0.405802342861312	0.438585132360458	0.0936585664749146	0	0.00210502579985698	5.06541384514689	4.91762325511636	5.01242869048265	176	256	176	1.82622761197546	3.8660308013245	5.74982653999111	11.5572212066734	37.3310319284372	74.6104571080532	67.8445973094917	91.5923028919846	1	1	1	286.440144143668	6.99244335815197	10.5480118987651	4.71633137390018	2019329	0	21.0341494120657	61.7519799179015	-0.361307836475237	164.552097713007	439.989631605083	398.443936653435	379319.765006174	146.653807684779	831.967739511281	218.178396182269	7.24226380905667	92.8923132250846	780.159963201187	796.337060883641	530472.31215235	382.539227932692	1084.89391910285	205.982919230229	-0.493923088267555	79.4178238341932	972.73356673107	977.588773902506	621334.924485267	825.495693538338	1104.03465081006	84.5867678515558	0.229169375442859	0.484367999469926	0.505916101520618	0.484399721628368
sub-715_T1w	0	SHIP	0.853590824761033	1.02439417084819	0.531202773501445	35044.5963677176	3.61599666666667	3.4792	3.83937	3.52942	0.251031635054316	0.367331251752532	0.381637113193151	0.302537724375725	0.0493611112236977	0	0.00218723313927822	6.05323232243991	5.91381897965561	5.98436747811416	176	256	176	1.99847443159579	6.20248903879572	7.33892760670239	13.8158193497156	5.31725250597552	9.57300968250625	8.79352072288198	11.4902999801642	1	1	1	270.831730855048	0	7.81065096748911	0	2152414	0	16.5886562690139	55.3544096894749	-0.54393344754695	179.814502362467	461.284653098044	449.270371235907	324241.999226603	113.195208441466	840.618110727519	224.806317925027	1.1530799181542	77.9162159782881	810.493249675218	808.851866461337	474459.003626698	592.82075567171	1026.29404552281	130.407487866209	-0.269073536505442	60.3633814684446	964.821947748201	970.849387329072	492936.997896868	838.174553476274	1071.24173242599	70.2707800379889	0.205842831360814	0.507374788941348	0.528091491936633	0.491737265976362
sub-723_T1w	0	SHIP	0.777843329866658	1.15070456878342	0.554684881814043	23706.8068612163	3.62055333333333	3.49549	3.85356	3.51261	0.25317137886723	0.365638917432232	0.381189703700539	0.299771845340729	0.0444150418043137	0	0.000848264236763045	4.80272899237173	4.66906056206572	4.74651609859552	176	256	176	2.09430936256053	5.7264047993976	6.88325315288663	12.8290452967018	56.5427370885977	103.973924152261	96.1892397956212	128.051058146005	1	1	1	1517.62671776302	4.93670335250126	4.97893179196182	3.32975581102073	2391863	0	15.5205146893859	21.9766051570682	-0.391642407927845	167.725516381262	451.205632390707	426.071150595322	410403.717084046	164.809153323993	802.994004674256	203.442069793479	2.78173507487313	78.8240568349788	786.086851777802	783.483286740258	592719.333031204	558.188155956566	1013.51162413135	136.819287714297	0.03668910185612	62.3003803245407	956.479145527578	964.913700476289	617927.95067451	818.817224437371	1068.82409669459	75.2131508927248	0.217954078106021	0.508182900817175	0.553873842372073	0.600246507806081
sub-742_T1w	0	SHIP	0.750077812392268	1.29810254450337	0.553337351710936	40218.785749594	3.63607	3.44368	3.89572	3.56881	0.251900040495827	0.373904910347625	0.374195049156549	0.259292423725128	0.0351110547780991	0	0.00102620086299868	4.68223086878525	4.56756924519159	4.64517710183297	176	256	176	2.03558137679797	6.39037018805712	7.52064072302354	14.1359706042155	12.2347915897309	20.8215661334861	19.5990890049462	25.7409092916217	1	1	1	1040.63521221403	0	4.39794364789658	0	2564341	0	14.2951036021113	24.5550495710448	-0.043694601505186	171.883301280983	463.82610647969	458.570022940636	418298.910006436	91.8032022789121	828.552655085921	225.276906160778	-0.23621591278697	81.5044931362751	782.98487126969	780.409375138581	620897.146886551	582.859963126481	993.122394584119	122.122619460106	-0.15454872600969	56.7956160539714	957.415341766121	964.790391221643	621378.94413948	831.275531962514	1058.44796654582	68.2506806149901	0.227214090273898	0.522676169856013	0.552539994153657	0.679259626508015
sub-752_T1w	0	SHIP	0.757354203579545	1.24161217084829	0.579572239461684	-1	3.65797333333333	3.46693	3.92069	3.5863	0.250131113703275	0.371977591312271	0.377891294984454	0.265094637870789	0.0337974041700363	0	0.00163642979789232	4.61958906316932	4.49599224125888	4.57203083807063	176	256	176	2.13244085277198	6.24324690914768	7.35408683576476	13.6865727453746	8.96056610122388	15.6883425455243	14.6696095736012	19.3599200740555	1	1	1	484.030326402852	0	4.8875404265966	0	2218557	0	13.9934537205845	32.8152204132817	0.201081490354792	171.999656300277	464.463425199867	448.827071186155	421325.8507622	157.610478747636	813.420643173158	210.475492422631	1.19614355081697	81.2478978385271	791.177962264277	785.815623357892	626566.494682604	588.761608392	1006.65578188002	125.866397358956	-0.0224300763997141	58.034212741805	962.436083211719	969.721792917699	636527.655427259	831.642138466239	1067.89419046231	70.851998468147	0.229611633705685	0.522129412529795	0.552637907623368	0.60324712400236
sub-761_T1w	0	SHIP	0.848249297737858	1.07528454194668	0.587657215042394	37245.7288853778	3.64187	3.48745	3.95618	3.48198	0.255909251298978	0.37018206940212	0.373908679298902	0.378202959895134	0.0653801932930946	0	0.00108740054996889	4.35330402930071	4.20083947310183	4.27602905143736	176	256	176	2.09677972964336	5.84938277151416	6.35494920524367	11.1186851145735	10.3049808402263	18.9014276046477	17.4326195842269	23.0914503078067	1	1	1	1056.81018616771	0	4.87720478290303	0	2289677	0	15.9619535207748	27.6370325137293	-0.369586853156684	175.746733804401	459.095790825179	434.717244431376	456965.890188193	166.616555929184	814.688268139958	207.325911553398	2.82090234021436	79.4649169911068	802.569308835916	797.359709009528	661017.833538254	581.818672254682	1032.98984822631	136.315084347377	-0.130275399962723	70.468888652491	964.261655638954	974.116478562355	667672.276862298	806.543298706412	1094.73308967054	87.6106966819573	0.216596037786194	0.518776412052985	0.54013600123181	0.602841677943167
sub-763_T1w	0	SHIP	0.895062752718829	0.991653786316979	0.555244385154858	22201	3.66764333333333	3.54003	3.89999	3.56291	0.25299550584594	0.36554509757728	0.381459396576781	0.329791039228439	0.0600730419158935	0	0.00164593236147378	5.06399029723837	4.90924117048976	4.97722563221458	176	256	176	2.08735451072623	6.20882280048222	6.91595477865961	12.4516870247704	47.2428811168114	87.4121306388927	79.6300837828164	104.235239592745	1	1	1	308.825025177668	5.96982854535499	7.92426210403391	4.02658816426992	2149952	0	19.1742293536663	40.2547764628994	-0.423954480605034	177.720848203385	451.875548636158	430.493406038731	389933.11850484	157.452380042523	807.171141691506	206.238495577501	2.53149103620974	73.2014690680433	800.944751701497	796.529444400221	563401.865087922	590.88583458215	1014.54043215141	128.289816460093	-0.225796898788205	64.0098282918618	944.097944278777	949.827408082783	587930.017147164	808.673122990876	1060.91011013836	76.2809568229931	0.21571619867219	0.515733477759958	0.54235366667807	0.505114149050809
sub-776_T1w	0	SHIP	0.783370582868021	1.12139450367095	0.537006413374956	24282.8734705075	3.53533333333333	3.39175	3.78886	3.42539	0.265022349955066	0.362232900198935	0.372744749845999	0.306403636932373	0.0467340245842933	0	0.0015080693052291	5.35314357874691	5.21308904855337	5.28911213988649	176	256	176	2.10855196924738	5.70119238888036	6.54621271364155	11.8288937827969	50.4929370217054	95.4710376887111	87.9172776091822	117.78785811713	1	1	1	452.599724086666	5.24997842269482	6.63603500573676	3.54105663485825	2280076	0	16.5063427388668	32.5238475296214	-0.313950730784355	162.832007929094	428.920723867208	404.628455787897	386393.045639408	163.641428267583	768.715995457023	191.898486777642	4.44352478011451	73.5410363305047	765.702302992198	765.063409479335	528122.528392013	539.216490248218	989.68350593932	134.193451644852	-0.299452570092703	66.5548445711706	931.594494207707	943.90071070753	543448.426759156	785.947278924286	1045.67123604007	79.7961212267831	0.215099888966382	0.518282141868393	0.561289380709216	0.564649564666244
sub-796_T1w	0	SHIP	0.718285833492765	1.43811367754373	0.565334352414913	29989.926976	3.73778333333333	3.51705	4.10093	3.59537	0.246566136078114	0.378937823093227	0.374496040828659	0.24298495054245	0.0341398201882839	0	0.000538861449388052	4.85616591960245	4.75181639675078	4.82996638303251	176	256	176	2.15033874920659	6.81687106458462	7.87452042288847	14.6563514548742	73.6292355654864	119.820440893882	114.177831725618	149.083818717486	1	1	1	3312.04362053152	4.21132315256733	4.0843834068884	2.84049430117011	2358167	0	14.733405020088	8.22875695190469	0.586461322950669	161.880113331864	476.663798134489	473.300681266934	395005.854038007	117.38939999789	825.389241233468	220.104893861621	-0.680830220522618	81.3533173491277	774.816877781388	770.225249104202	607069.003144951	595.017189405859	973.944438517094	112.98799807512	0.0226901636789072	53.763246975766	951.848745078717	958.334993198514	599953.143583804	831.176416538656	1049.17771748453	65.3869551009304	0.235756778368288	0.538209977681875	0.560636216347741	0.603809460648865
sub-797_T1w	0	SHIP	0.872022532056363	0.946077848075997	0.602118828100742	16355.7422560126	3.66562	3.44724	3.99917	3.55045	0.261669544162144	0.363387584535356	0.3749428713025	0.406943082809448	0.086164627969265	0	0.00132567901230147	5.30737435292216	5.16022285130475	5.2346639015285	176	256	176	1.85476117946745	5.44125216186017	6.25780734311217	11.4774086880089	37.8625338176165	72.9551446630662	66.6224799379767	89.0497613332475	1	1	1	105.904090096423	7.2707672733497	15.707225880585	4.90405800193548	1766062	0	27.7786909639835	78.0349368159573	2.17721354620583	185.087384347754	444.969849750684	420.20207054168	384562.645869234	116.413779549301	830.793503925204	226.552900101332	6.87474784373473	83.4430338082415	814.647682888844	809.663267433643	534052.564016976	572.392434306443	1061.11966431141	148.800769622747	-0.0619941071700914	72.3172959671426	982.05411218176	988.282883383334	551034.791227175	829.509891428053	1113.94525554031	86.1067174216459	0.213568428463053	0.521006655956283	0.548465561619534	0.491311604162576
sub-810_T1w	0	SHIP	0.896030232292596	0.914197837723047	0.552670848529086	15871.0267053324	3.76112666666667	3.65299	3.95182	3.67857	0.258325770279191	0.355941113018712	0.385733116702097	0.441220089793205	0.0855872750282288	0	0.00182820020016823	5.79192222913435	5.63450633652348	5.71027709219234	176	256	176	2.00019244123332	4.98869743879946	6.05176605012837	11.1664082703523	35.8168854691695	71.6794829507645	64.8937886618155	87.1849975655126	1	1	1	317.569715163283	7.22491393618927	9.45403644592155	4.87313039600849	2404365	0	21.0720879882574	49.6350201848681	-0.540311524491841	160.442916376065	429.04825829431	394.992424443364	348437.549093199	159.637030214071	789.211869582534	197.476927467146	4.74413042215574	77.8297625401906	789.514392259717	790.488965824246	480104.051979423	514.165668472648	1043.15237490833	158.455819835509	-0.412307250473577	75.3882398996853	953.137625334716	961.485431030393	520288.400350068	800.336050003767	1083.24647533894	86.1050826513304	0.203803137634337	0.488414600473569	0.527309229102457	0.489754343918514
sub-834_T1w	0	SHIP	0.816482137781166	1.13605735006303	0.566630128541932	27839.9039792388	3.46124666666667	3.31624	3.68167	3.38583	0.256235415580136	0.371924202408968	0.371840382010895	0.372378945350647	0.0612056985497474	0	0.00138379086819042	4.77014131808125	4.6341097178798	4.71421151123206	176	256	176	2.02668079412329	5.93850868303652	6.58809640711133	11.7990997441742	10.9403648632306	18.469755392901	17.3667334306286	22.6900800357542	1	1	1	637.293010785299	0	5.88793962843884	0	2338011	0	16.6243291776627	28.1243232424745	2.20649819001711	163.701374797493	477.966425548536	469.658467769623	417286.549033794	93.0849535278976	852.441408868879	231.73748247785	0.439554527400151	81.5159197611238	796.528710580991	792.887360371649	605688.977747288	578.125865103677	1022.32568275742	133.516131432603	0.0751598009771213	66.4095301134001	966.173183269935	974.061501273885	605552.473882	817.809741804376	1090.96807420068	82.5538149619797	0.217663487869965	0.52669272329485	0.547478726838222	0.558303944090336
sub-840_T1w	0	SHIP	0.802916987534767	1.17843631263913	0.597334904234981	33935.9230815456	3.60471	3.46635	3.90859	3.43919	0.245141311006991	0.369975794274218	0.384882894718791	0.242532640695572	0.0405435539782047	0	0.00115888209734179	4.14874830645536	4.04453403674714	4.13334188792783	176	256	176	2.47873565106793	6.5657551411369	8.66352950624343	16.9460977265255	79.4724236790908	114.850419891497	111.149814488342	139.126599894439	1	1	1	154.973635262639	4.61278528652872	9.92615489453424	3.11127639561892	1923501	0	21.6963345110416	50.2770597237072	2.31661977677967	143.241270534772	552.119631097792	559.561683081091	456038.832477073	178.691892102361	909.23610984534	225.744552202428	0.730904542624145	85.2344750289554	811.868728001522	808.656528666616	688269.670144584	613.361984647811	1018.79158575833	123.16267113644	0.102483399445918	52.0060925224565	977.924308261313	979.583996489644	716001.498184648	878.288546405733	1070.30661351234	57.8058340174961	0.245320361673299	0.524537659799814	0.555814375857585	0.596826142387439
sub-841_T1w	0	SHIP	0.811499164180417	1.08501909906611	0.553608172128172	25202.1778138333	3.50958666666667	3.40103	3.75335	3.37438	0.257371794354981	0.361417963464873	0.381210242180146	0.308361560106277	0.0478110790252685	0	0.000571009031016914	5.32447454501966	5.18874982422492	5.27183159203594	176	256	176	2.09954245836723	5.37521825623144	6.70108202758582	12.6284853681588	59.2990918331144	106.107104175634	98.5872060363182	130.355422100206	1	1	1	4090.53975205384	4.88487197683785	4.52590980058778	3.2947960793972	2309873	0	16.0327130649239	13.3933559400749	0.625155661059876	164.777199361548	463.857694602799	442.149866726249	376426.58178489	162.857063353062	822.463471319526	210.59315931661	5.02548327755752	80.8620771880123	792.511794126202	791.162908565253	528602.323823777	544.935737274587	1033.33042040095	147.186983392555	-0.254239697315542	65.8585418305817	964.70263425093	971.964843422175	557550.095047877	825.964192153886	1080.98729226366	76.9659973818751	0.224402906158945	0.507298400892094	0.54528146142891	0.54750028998956
sub-853_T1w	0	SHIP	0.782899706785534	1.03298650461435	0.580223188871259	20893.1747636989	3.75352	3.73845	3.91364	3.60847	0.258245665055059	0.362862184255089	0.378892150689852	0.340995252132416	0.0625241592526436	0	0.00111951670166676	5.49436214166835	5.35525743920808	5.42792465432394	176	256	176	1.83729106957656	5.25937895015036	6.32090582422662	11.8660474529529	3.10910038588301	6.57968814645379	5.96423271878024	8.20390962400392	1	1	1	93.670329161708	0	13.9026297660217	0	1712446	0	20.5442232079804	76.8300514408159	-0.545397844358439	158.740884878527	398.320942420477	364.61467044428	367354.975364246	115.910000074655	760.426124278456	198.452047262034	4.05171049821413	80.0419351840966	772.551598457338	771.622182428837	516172.18329386	523.859575204551	1015.32667148858	146.713412799417	-0.414963787571684	69.0831735884216	950.576716760335	962.100103776902	538974.842627856	801.15223871544	1066.92274529487	81.080007059067	0.213815899286265	0.520180260373048	0.557464638231535	0.473526526972804
sub-859_T1w	0	SHIP	0.73621916424153	1.3831447904545	0.52221483490056	20601.5424149889	3.54692666666667	3.35994	3.84124	3.4396	0.255484603427677	0.37712717872623	0.367388217846093	0.352590203285217	0.0531875193119049	0	0.000492252627404576	6.0133890429626	5.89804748172571	5.97681988898746	176	256	176	2.05523511000714	6.4606294553669	7.1035217524736	12.7947006920468	51.4122439404379	86.5762941506706	82.1760144492257	108.539505256568	1	1	1	606.190048021765	5.71126533379248	4.89215565640478	3.85218992829323	2495552	0	15.9509197771549	6.80304444851655	0.851107440927571	169.645733248206	456.115549392737	448.195164471865	331708.946044472	109.25952026248	805.507181376219	218.074558333532	0.0340122362034365	81.1422734089924	760.460761605425	754.743878543377	489643.827070838	575.916661649942	966.756998300552	116.821915426365	0.646297072334934	59.8202161628338	937.158743663507	946.211985349655	476999.227725997	800.370928138495	1044.9421864748	73.9533511791515	0.21665393719371	0.525246628186435	0.553573671062104	0.567409162451623
sub-869_T1w	0	SHIP	0.905696427115845	0.794695932585141	0.607894228774259	10605.2320419393	3.55956666666667	3.46107	3.78526	3.43237	0.250420559279978	0.35162630603501	0.397953134685012	0.589469730854034	0.12624124288559	0	0.000935714267587041	5.17793520902689	5.02240595961191	5.11147430392974	176	256	176	1.90605120652934	3.79521850736661	5.36309585463799	10.388017850018	25.9257672619725	56.8249401174395	51.3394645383696	71.2676862356969	1	1	1	85.2231715637911	8.83383607378286	21.0914439430653	5.95833188667893	1912071	0	38.8291292749345	103.608168267454	0.0413561993116529	140.452064824105	383.517499169659	349.582129888237	376566.660412507	127.924185942858	725.636848427355	183.406229864178	7.0440858351014	90.6505728645234	754.310877752705	766.225485105068	528753.486365113	372.535703733563	1062.70248247311	201.892133235316	-0.492491940598721	85.7297111589934	954.188629169057	960.970963548869	598416.852673346	793.417872238904	1096.73295519501	92.5075576972696	0.225825411664823	0.492578950390264	0.520956362191974	0.420239394457254
sub-881_T1w	0	SHIP	1.03293899388292	0.709078490854154	0.617836192310996	16991.9811036609	3.53135	3.40302	3.79729	3.39374	0.238874299603858	0.357192355104046	0.403933345292096	0.531923115253449	0.111039727926254	0	0.000956345410490944	4.42923640082797	4.26898285891054	4.35496624611374	176	256	176	1.99547541967914	4.49762158189159	5.90189980181767	11.2126024038823	41.6181441018645	75.0990317151955	69.0198868911673	90.3424848564418	1	1	1	109.663129722945	7.17081289085014	21.0484694834783	4.83663979545236	2124867	0	34.3500132411718	119.110256900395	-0.537923932128613	173.026349141806	486.977776500653	455.532503183931	417236.723001159	173.790009520948	882.736116137356	228.282419717653	6.65423327090683	94.0498452623067	817.713335813745	821.998449046165	623900.385984726	494.094012301415	1101.86551095173	182.762772572436	-0.456219661629338	78.2935693184659	984.317511189776	988.846070833504	705541.892033023	831.441412456334	1123.08750189096	88.1905319072267	0.241110561837331	0.488637954477722	0.521104161700366	0.498805018920534
sub-891_T1w	0	SHIP	0.836306793500649	1.00015681924833	0.610603804479526	22476.7665641738	3.67742	3.46533	4.02373	3.5432	0.249857709162097	0.370852705739425	0.379289585098478	0.335422515869141	0.0544997751712799	0	0.00107846261515071	4.68789619987757	4.53728658167335	4.61051592295586	176	256	176	2.04122645863046	5.93138609599549	6.57860186347686	11.7631930358046	3.83506994386409	6.99845197492491	6.45476780370287	8.53078149231963	1	1	1	104.877917328359	0	13.447269826008	0	1801644	0	21.5448653697968	75.5487820666228	-0.0592103092113248	180.220840558537	464.580253762112	442.251206617802	414965.682382739	153.354148250073	830.211800783873	216.659289257577	1.72131811871395	79.856162986663	813.479809218392	807.044949810952	615915.140728388	592.85103969276	1042.84493230283	136.063355443401	-0.0962003268378497	67.9231113585423	974.152626462805	983.74957004562	629927.177467822	822.010062262416	1097.71701129153	83.6294011504448	0.227478115287489	0.514306844929899	0.538954475991989	0.544488380584922
sub-895_T1w	0	SHIP	0.795935403573217	1.1633593354377	0.580320449923862	-1	3.50308	3.34008	3.73391	3.43525	0.251212834468271	0.371607250530165	0.377179915001564	0.332197576761246	0.0494585454463959	0	0.00191378090226948	4.78110242068269	4.65030509207726	4.72998774023311	176	256	176	2.0546185503312	5.93462239863018	6.84246121944717	12.5381427093801	7.45373359685661	13.0550740764719	12.208098465914	16.1154877244136	1	1	1	275.527711864875	0	6.57343073766825	0	2169373	0	15.8761828225106	39.3246999656758	3.84103751656785	169.288121866182	465.994036687137	447.411924174055	408590.89269502	150.410443006083	824.905937282369	217.758851926848	2.10632019232213	82.0662837404207	787.80743124232	783.633562548086	604409.159856199	573.338271947578	1012.34180486016	132.044275380445	-0.213346385408635	64.1486193192372	959.670232321426	967.335534345359	613472.948160958	818.977308867499	1074.44988811016	77.1513587265253	0.241698299885785	0.527724007130199	0.560103754166423	0.562558016178226
sub-898_T1w	0	SHIP	0.929169285891013	0.815934800811459	0.578044804696943	16734.5175204185	3.52314	3.41987	3.76353	3.38602	0.253255183768729	0.344998679658456	0.401746136572815	0.529839277267456	0.115790972113609	0	0.00172122315029284	4.9345038053578	4.78100422040977	4.87169689506523	176	256	176	1.92928929614402	3.89065067698279	5.55375800078007	10.8413340292134	35.132550917784	74.0985784793248	66.8955064723056	91.4553900198079	1	1	1	308.235234993752	7.06634717675924	9.96562377248974	4.76617874205113	1995697	0	24.8212685137987	46.5499137064781	-0.374523742285967	152.752400983321	422.204129256311	378.942159205675	398735.851730275	170.468263059855	790.90712826699	196.415169452973	6.48733975195611	88.6505373084341	783.836449705441	799.232466459274	543180.756785839	387.081802122295	1093.89991972595	205.423667431934	-0.533337640172181	85.3009052051651	980.670661905013	986.444253541529	632526.393189226	822.691969618201	1122.37319532782	90.9891228439072	0.220403731945867	0.481081997513077	0.506642222599636	0.515385734844687
sub-911_T1w	1	SHIP	0.822733902969445	1.1141054834507	0.52790918196366	24824.8558497117	3.4766	3.30456	3.78368	3.34156	0.253609410499419	0.374701863784405	0.371688725716176	0.311064541339874	0.0545417577028274	0	0.00164220682172978	5.77512584840519	5.63743099392435	5.71460999363413	176	256	176	2.1074780529194	6.32236292495608	6.85468296214781	12.1342079085679	68.8037492122126	112.519819814179	106.098078791917	136.970667349359	1	1	1	253.064245122992	4.56577819092799	7.54747837478119	3.07957059144974	2261111	0	17.0885975956917	42.6770108137553	1.17592246336254	168.128067501231	484.285713756648	479.50725620985	342421.904579537	123.575317949057	849.508605211973	227.526239419128	0.859383248630881	77.3944165893578	789.633949871851	784.173401683569	505920.208536002	590.311413764954	1000.9510178268	124.031574269603	0.935858434706552	62.8018313909017	947.177168169901	954.576307743788	501851.887592972	805.458669006825	1065.74276772141	78.6681227058481	0.217653566781779	0.51013523596584	0.536930076890184	0.522042172774951
sub-959_T1w	0	SHIP	0.804330842122144	1.14862311450629	0.54379636331636	22542.8775510204	3.50023	3.33013	3.76717	3.40339	0.260121528963796	0.366424241991656	0.373454229044548	0.356172323226929	0.0636104941368103	0	0.00134251038833236	5.72074307596753	5.58824325079745	5.67110979380772	176	256	176	2.18517953922338	5.89125478634675	6.79286860322112	12.3021714840932	51.6932720408136	88.5028095808664	83.0248658272877	108.878515860183	1	1	1	544.290828227424	5.7582109680731	6.2787696838721	3.88385427743197	2350919	0	17.0766291245818	28.7101799650592	2.96627251336189	166.942417987072	471.736079032319	454.349301978946	354482.694770528	178.749769482762	817.335555717349	207.92280586588	3.56044478585976	79.4724513768185	781.283606879534	777.880528137088	499347.56745386	566.087173055857	1004.06880343705	132.039739826325	0.233779855770213	64.5742229991055	949.065656714896	956.969364263117	508927.738555567	808.735592674464	1065.37821738794	77.7885778391282	0.225987932516074	0.522045036867768	0.563019818619494	0.521360284163684
sub-989_T1w	1	SHIP	0.797013633333821	1.19502339097507	0.506653468587536	22143.6444993141	3.48462666666667	3.30816	3.74815	3.39757	0.257100341042468	0.371294562502142	0.37160509645539	0.375848919153214	0.0793678537011147	0	0.000530259169600887	5.76267924792774	5.62848687821941	5.70702776165737	176	256	176	2.25780033852786	6.39864685032072	7.02627107992062	12.4223660509133	49.8364045241008	82.4659597795137	77.6606229077343	100.679504419588	1	1	1	5.00025643704705	6.22578254493003	5.58127896932545	4.19922651350498	2694275	0	18.2492701113224	6.75998883852525	1.50807318148565	164.210865921914	487.984156836718	473.596975207329	347995.081606052	183.029444351792	832.362470492721	209.760042400647	0.453513533011349	76.2073231815495	788.714829115365	783.676701441407	502561.299817464	592.027792140842	998.279277473688	122.475257674056	0.0528318518162432	61.742911103479	948.419162649921	956.760609313846	502981.619323709	808.619475468993	1063.31992873549	77.0191165115438	0.223863161860161	0.522252637291851	0.55130844343222	0.522023844567019
sub-992_T1w	0	SHIP	0.736795371685707	1.24519816102869	0.600080803429351	30838.0615976331	3.61015	3.45959	3.88376	3.4871	0.252149198682739	0.371626907346179	0.376223893971083	0.283738136291504	0.0408968731760979	0	0.00171877373913209	4.36416209944633	4.24176272402412	4.32374708100562	176	256	176	2.26725052109679	6.22174811641805	7.27595273143461	13.338859556789	65.909103248912	110.939244822452	104.703364460733	137.261745310834	1	1	1	187.044512826072	4.65274826753584	7.28082441927859	3.1382310166955	2031105	0	16.9897334352136	34.0854969308183	0.880637492808308	161.963771588877	486.026460424986	468.08338836953	448324.80553392	188.266807286069	826.463959733024	206.45396791299	1.3580286515516	78.334632469806	792.382346284356	787.885361200199	660757.844314154	584.33320456557	1010.18574278802	126.633986181894	-0.0802130162327788	59.4027602087981	965.984774960031	974.82653641887	668931.35089446	829.629244465381	1072.54455738701	73.0816456702081	0.234909672396249	0.524952758431549	0.563221257815101	0.606075387280709
sub-999_T1w	1	SHIP	0.841046615425162	0.889257275121573	0.617717092860356	13532.9204254931	3.60120333333333	3.41148	3.93559	3.45654	0.246654662154511	0.357621925318263	0.395723412527227	0.455861017107964	0.0894001632928848	0	0.00146222068863397	4.80075130070257	4.65307372094943	4.7503900259116	176	256	176	2.100449970923	4.26208646188034	5.80193896865963	11.0432804731755	3.58295535800096	6.51161711048383	6.07428662909869	8.1282874188113	1	1	1	185.986168239912	0	13.8452428453055	0	1981341	0	23.9425704777241	78.4955633337896	-0.388445882342802	154.083715599041	456.254788135932	429.293959587812	398073.986244197	169.515030503273	813.109271675348	204.3816450363	5.08305511528371	83.5728787118818	772.349347967333	780.193335771561	577163.164629693	438.919933408499	1057.47032743692	183.054160647126	-0.46876639714531	79.339809602018	965.356018378948	973.895664900541	638654.850059922	808.704165011644	1098.29914012551	88.1889131411035	0.233794306836452	0.498726390779176	0.526468216815202	0.454082117794725
sub-1036_T1w	0	SHIP	1.03272926355761	0.77128473749393	0.613114931976998	15878.9823885718	3.54639666666667	3.36083	3.77566	3.5027	0.249362750665328	0.361163308188562	0.38947394114611	0.478842616081238	0.0996596932411193	0	0.00103022772149883	4.6586066515694	4.49840801271837	4.57506337575733	176	256	176	1.9117281233124	5.11295137972098	6.31487353114831	11.9199410904115	39.1196231826142	71.1344643032698	64.8633870198552	84.3360735736817	1	1	1	115.0209054413	7.57427346216895	18.789617524863	5.10876981541514	1921246	0	49.3513842299581	81.2197829856409	3.18084619599149	172.030067196321	475.426069496184	452.276386599988	415589.706038555	122.710647527128	875.60307757929	236.579583124986	8.25974278878174	86.287311402356	824.767143189876	822.411768324673	601917.29791849	554.885861389339	1082.69190369174	160.848602712347	-0.41553024711862	71.3367846992513	971.94877629528	975.040440391749	649099.997007271	830.859603378922	1101.82474751025	81.7990359117405	0.223594349006059	0.508153156622743	0.531779038776436	0.506618782421624
sub-1038_T1w	0	SHIP	0.955816814860754	0.865228804026328	0.593778481037226	18097.7694147602	3.58154	3.4265	3.80508	3.51304	0.250953561616149	0.366009675915261	0.38303676246859	0.410131543874741	0.0937483966350555	0	0.00123589708752534	5.169829582442	5.00874886540093	5.08141416422254	176	256	176	2.07612708888907	5.74917423016809	6.48286852483356	11.6233042554435	46.1525605550378	83.3255468152104	76.2177923057093	99.1752695468797	1	1	1	134.563325726056	6.47187321771615	13.8347182049244	4.36521214991808	1980285	0	26.9241187348962	71.7176611328713	-0.233784846094851	177.149814353544	477.74226713212	455.925698198378	378369.71175492	157.912346094847	851.821763619781	219.603654396176	5.20340942623506	79.1269170779165	827.471582984966	823.145187452436	551843.03694958	594.433561086655	1063.93283867091	143.176116896606	-0.173129320476303	70.5292460879578	975.39258978302	979.71929332614	577515.252118469	828.912365548313	1107.58496017009	84.2891507935475	0.222150896006809	0.517134832137556	0.541485469036755	0.509013245096419
sub-1040_T1w	1	SHIP	0.868588161723745	0.784433763722974	0.573093555583506	16995.8410177274	3.56669666666667	3.53848	3.75553	3.40608	0.24295561281364	0.347076578919421	0.409967808266939	0.541456878185272	0.0979117393493652	0	0.00223561254625139	4.8348862701695	4.68782160978952	4.79336270495496	176	256	176	1.970952324029	3.42045039235377	5.34196634514842	10.6344963190625	36.5164413586153	74.7628068186686	68.6453940541632	94.6569339852057	1	1	1	180.097413715457	6.6114331301826	13.3477953382752	4.45934388041496	2643824	0	21.5693086981773	93.6990573722783	-0.169842803744902	132.416220990324	413.653220883555	368.51258790493	388999.390212216	172.775855451822	767.386666059494	186.971602379509	5.87478482902951	87.6366561724205	728.454061188567	754.4830327034	555708.82266531	301.432670384645	1054.30274891853	220.579826429364	-0.622783870401916	86.7457538357292	947.671073233058	955.248386979103	656404.787588939	791.264713078737	1084.53773295879	89.8253787186762	0.227795370640643	0.481416601332179	0.502258206750985	0.487420723933707
sub-1049_T1w	0	SHIP	0.828582470849112	0.813027421318585	0.594702082363576	14631.0952429807	3.70166	3.56268	3.97708	3.56522	0.245277604048034	0.339309487579494	0.415412908372472	0.444579601287842	0.0754140108823777	0	0.00164867675719776	4.99686573140206	4.86279279374896	4.97393743002486	176	256	176	1.83476488272997	3.16795834220171	5.44778537012283	11.3406328854368	33.9152452994644	72.3086315924748	66.3367883823178	92.7864882550143	1	1	1	153.251580277338	6.88014594031808	12.5412427438754	4.64058791659772	1857676	0	23.4209537804127	71.5920172899371	0.25490922780434	128.921929297772	408.855204061638	356.172908820212	379860.199387236	166.344832634553	781.830056848005	194.12429535326	3.93477851723596	94.890603405058	722.925122405425	759.374594513327	525486.907400997	273.078354716301	1073.43961834535	239.704500483249	-0.589856432515094	83.3005589015692	968.184073654003	974.430027829483	643347.894785765	818.051558505744	1101.43887027167	85.9237116976616	0.217832843811293	0.471246435574728	0.491385642055874	0.503451605117065
sub-1051_T1w	0	SHIP	0.842674366029703	1.07284847468918	0.586343616870814	23296.7754516602	3.64503333333333	3.45446	3.91902	3.56162	0.259735132627212	0.363094765418305	0.377170101954483	0.370849132537842	0.0840567350387573	0	0.00183381995061112	5.11699965279316	4.97936738764685	5.0500317474812	176	256	176	2.14099628264481	6.18551344293239	7.20925626063049	13.3012590563143	50.9460378482805	93.3705947135639	85.6452646136452	112.619161279091	1	1	1	304.053519711233	5.62574581724423	7.49830869989799	3.79450789093971	2190247	0	17.5332433581352	40.5988166528687	-0.0974095353786066	172.603701410105	458.755704884158	437.480590805411	396153.47902475	166.075142778456	812.482646510005	204.334795997009	2.74637093574496	77.2085115608001	805.064184344049	801.786059610546	553799.761630963	592.89185795933	1021.86751728505	129.623085150849	0.14916073920093	62.0771952247639	961.672790147426	967.076131790876	575267.76051448	832.011277638376	1073.15879636258	72.7055451782273	0.208319009477798	0.519085788691445	0.559145994067703	0.521318324888399
sub-1095_T1w	0	SHIP	0.769698442977984	1.02667883009423	0.59398881206452	23805.0612345679	3.80782666666667	3.67661	4.07727	3.6696	0.257616127610704	0.360972195423136	0.381411676966159	0.319802224636078	0.0489888921380043	0	0.00170520287331489	4.63004820748371	4.49023485658994	4.56210388276961	176	256	176	1.84926875659901	5.34050481916755	6.52489600764423	12.3849144471661	47.2814581854986	98.536084676065	89.3056442410974	122.099389861729	1	1	1	126.905534062472	5.20102122259184	11.7161414050448	3.50803550519049	1978340	0	17.1503958031535	74.9479175512455	-0.4951636763048	167.810727481062	411.359627402932	375.359799055383	433670.474249648	135.164308182895	777.434637727216	202.977184871008	6.22762373498294	78.2820373759336	785.465384837155	782.261934448034	607659.872198092	538.198609557003	1025.00599812344	146.477031154914	-0.0122539009054119	65.7017894614594	958.07123687277	969.32717818208	642067.654569445	812.335093522444	1069.86087945476	78.2667032112944	0.216266536910981	0.512880040895133	0.544260120715178	0.536055333963221
sub-1155_T1w	0	SHIP	0.782418100801167	1.18220315205411	0.539758470891595	27787.556416	3.77675666666667	3.67032	3.91819	3.74176	0.24678788352149	0.369093679020837	0.384118437457673	0.271213084459305	0.0441003993153572	0	0.00197540581806446	5.15735346279584	5.03154899024017	5.10323765917332	176	256	176	2.06046690827965	6.24094293682308	7.55887327851773	14.3752099904505	56.7726548494532	103.296599686185	95.4652484482041	126.326490808974	1	1	1	315.070904412862	5.03897604682661	6.90760158534923	3.39873769506812	2290387	0	15.2229175753891	40.9273166783554	-0.0821361513234229	180.683283964783	453.244113379611	436.666391763836	373470.767612529	148.544829849154	812.926647182554	211.925658889703	2.26051195297476	81.385814806729	797.595586983053	794.504917658866	558559.430300559	589.495344758034	1012.10981260613	127.30515476465	0.605541850272996	57.2071986492668	965.141451145217	971.639129295945	581296.80292408	841.430346507579	1065.63279109821	67.5912417411461	0.222774812830494	0.515986929689315	0.551028598807474	0.577197149643706
sub-1161_T1w	0	SHIP	0.791051416120145	1.08322452655252	0.605404702032448	26863.21	3.55724666666667	3.46323	3.80269	3.40582	0.25070114518175	0.369418901048253	0.379879953769997	0.345053136348724	0.0521763831377029	0	0.00141578491524864	4.71120294120525	4.57750831578359	4.66245308476823	176	256	176	2.05919751352743	5.52996097230519	6.54828812183421	12.05570587967	56.8915389499659	98.7103516610931	92.7547923169536	122.662486339802	1	1	1	148.171602800336	5.15370132488257	11.3590297258058	3.47611871920526	1963873	0	20.9114543423057	64.2883913401006	0.996975387457291	162.564783523461	462.345581750494	447.543442344293	413183.565927851	131.3534939643	817.927997527644	217.338500957048	2.52701602487596	82.662122825085	780.609786367498	776.515654046089	608843.72405083	548.241401147097	1016.80578188784	140.419619638855	-0.139039090908593	66.3894123425818	956.720900365191	964.937711235136	626084.710580015	810.318855764344	1076.20088126324	80.0398541780367	0.237100189304446	0.51873615999045	0.552130160749858	0.57917823522647
sub-1171_T1w	0	SHIP	0.870496135603721	0.789165760110629	0.598902410022048	12130.3183692495	3.69406666666667	3.52521	4.0449	3.51209	0.241420158467393	0.34379542723285	0.414784414299758	0.674010694026947	0.161507880687714	0	0.00147036957867893	4.66774122080598	4.53126344807177	4.65156792207382	176	256	176	1.8699097711045	2.84389211748211	4.85587680955876	9.85382854008967	28.9992570640858	53.8537654572318	51.1800949245607	70.6872622523646	1	1	1	148.637894334033	8.96312048531093	15.7638381595858	6.04553289711475	2085137	0	28.1997325643897	91.7207468011506	0.243144937047433	150.501004098291	447.885457827777	396.747662089765	397410.655414278	179.529369324446	841.400432959199	212.17449582567	2.52937686793684	105.742130282402	701.138492701298	736.789756119251	565934.373220503	251.501821093261	1084.17832050473	259.07772683778	-0.587914547611935	94.7367798130966	959.732754288801	967.093949206173	682791.971428344	789.095094539225	1110.54143548012	98.1439079318849	0.220199297374484	0.456748181209813	0.462384648986385	0.443110098176718
sub-1172_T1w	0	SHIP	0.912419849436615	0.891230021444088	0.581887578712545	15922.151138451	3.54758333333333	3.44738	3.74877	3.4466	0.252846798988372	0.358349571363124	0.388803629648504	0.400857746601105	0.0768727123737334	0	0.00125099106903514	5.30545875812171	5.1594904597518	5.23848269387004	176	256	176	2.01707137514612	5.24426420885441	6.76198296944234	13.0246133243265	39.9335787024651	73.1473827402489	66.9483985028444	87.7642340658193	1	1	1	173.803606826088	7.35131249903507	13.1986601956091	4.95838493108749	2023170	0	31.9461657702923	60.4599626381235	0.202083303595742	171.33809060251	468.789835308603	448.096329629421	371237.003111299	140.286876514554	849.300504624844	222.151646011379	6.07215472274408	83.2798687390687	821.32432805782	820.789791271091	526139.233208892	557.995389923453	1072.32157541811	156.511758098103	-0.352927081362158	66.371849991288	981.112546551495	984.80608138442	570852.764784829	849.2296705544	1099.84061178565	75.6110906548131	0.219373866356825	0.50476260611312	0.538595177363461	0.472730363821829
sub-1177_T1w	1	SHIP	1.01745635856805	0.809819113372062	0.54851550440252	17194.9448268723	3.49061	3.45086	3.67809	3.34288	0.25547806146119	0.357021165518912	0.387500773019899	0.360647737979889	0.0845979690551758	0	0.0018843291796465	5.78538901918692	5.62191555588639	5.69820768148299	176	256	176	2.18282934726979	5.4426999608491	6.57789146431617	12.1081450848296	40.4956457776544	72.3557372493143	65.9501495649789	84.9990656679679	1	1	1	215.294848568668	7.40870339298291	9.83289388920509	4.99709450080991	2107597	0	20.9955443367362	47.6288678940812	1.41016307506209	165.05901977855	481.068006637054	457.950784407556	344523.407127645	183.536695696414	842.765798136592	209.796574507739	14.3585814646862	75.9822836350108	818.325190150291	818.245171632618	481458.750930533	563.664512258023	1057.02106700465	150.337943991362	-0.130357156979143	69.4924891899948	956.948025485061	961.224053822458	522561.8427737	820.37571579963	1081.34800767526	79.38648962041	0.230300461856936	0.504525421162799	0.544154810140449	0.440073777178732
sub-1205_T1w	0	SHIP	0.72883254542455	1.26829884993974	0.494849699043159	19885.6614302302	3.77043	3.6771	4.00946	3.62473	0.261555908300006	0.366586941007477	0.371857150692517	0.31550607085228	0.0493769764900208	0	0.000446551717035839	5.91382519313633	5.78451674970313	5.85543870643161	176	256	176	2.06481154549122	5.89632511465788	6.91492812847481	12.7836477252753	46.1630645835589	90.7658527783977	83.4154780449038	113.317516772755	1	1	1	4723.31098797059	5.56619274741492	4.35032608334479	3.75433995574713	2755295	0	15.3163780495524	6.72704025729589	-0.539171115779449	163.291406705137	423.403633904475	392.212240509689	346171.860408576	166.519927948713	762.795495964587	189.950349157245	1.5424439929691	79.0596403504508	776.898528123775	771.168006308377	485181.482593348	562.818750888109	1001.01334979385	130.787769770312	-0.209669615403024	60.5877617638969	951.523897787755	962.772241041064	492156.657817917	808.811078608036	1058.32517655194	75.3127185303598	0.206273670543448	0.51364639317781	0.546641923095449	0.524308382637645
