bids_name	rating	site	cjv	cnr	efc	fber	fwhm_avg	fwhm_x	fwhm_y	fwhm_z	icvs_csf	icvs_gm	icvs_wm	inu_med	inu_range	qi_1	qi_2	rpve_csf	rpve_gm	rpve_wm	size_x	size_y	size_z	snr_csf	snr_gm	snr_total	snr_wm	snrd_csf	snrd_gm	snrd_total	snrd_wm	spacing_x	spacing_y	spacing_z	summary_bg_k	summary_bg_mad	summary_bg_mean	summary_bg_median	summary_bg_n	summary_bg_p05	summary_bg_p95	summary_bg_stdv	summary_csf_k	summary_csf_mad	summary_csf_mean	summary_csf_median	summary_csf_n	summary_csf_p05	summary_csf_p95	summary_csf_stdv	summary_gm_k	summary_gm_mad	summary_gm_mean	summary_gm_median	summary_gm_n	summary_gm_p05	summary_gm_p95	summary_gm_stdv	summary_wm_k	summary_wm_mad	summary_wm_mean	summary_wm_median	summary_wm_n	summary_wm_p05	summary_wm_p95	summary_wm_stdv	tpm_overlap_csf	tpm_overlap_gm	tpm_overlap_wm	wm2max
sub-004_T1w	0	SHIP	0.48924959152597	2.73228656778537	0.57935858462003	14688.6452566514	3.72693	3.58919	3.97218	3.61942	0.276925392176134	0.32476074386924	0.398313863954624	0.456858903169631	0.0822669267654419	0.00175373103081392	0.00243435300996769	14.0337885866963	9.95387541180378	10.1852551345586	176	256	176	3.63335656220806	13.9024729587652	11.9680858270156	18.3684279600734	22.1065517768489	57.4993770079028	51.0705617073473	73.6057563372903	1	1	1	5.41729492556365	8.90181465218777	12.7474299791889	6.00418274104595	2041706	0	48.7333877254277	17.1195479472719	1.71655720693967	68.7640176784167	307.458307162853	300.377793870866	100818	185.724888607859	455.272216044366	82.6718487495292	0.211930893862272	54.7111529746821	779.112999187005	781.285846337676	10970	684.709578888863	868.447690173983	56.1950552057746	0.527059676052663	52.3606738249471	1005.00425942659	1000.13493411242	185258	924.807739235088	1101.9361898005	54.4484392992023	0.171806757797757	0.373188254562026	0.484402719948021	0.48710366354526
sub-010_T1w	0	SHIP	0.410418041518741	3.37664562003845	0.586394091177684	33378.7526492214	3.59479333333333	3.39952	3.90242	3.48244	0.183944627759117	0.39054173755548	0.425513634685401	0.301245301961898	0.0406109243631362	0.0	0.00466734765182044	16.7400734337752	7.96788003502987	8.74714595864168	176	256	176	2.70827892408757	13.3351109713498	12.7189394078626	22.1134283281506	35.0085201397601	92.3535024370952	83.2580817425328	122.412222650743	1	1	1	6.92974048236482	5.3521988351316	4.86540313606874	3.61000325530767	2165015	0	18.6905007250607	6.53132676559993	5.10680365458103	82.7432674753813	298.336476454299	286.005419194698	36357	147.893681749701	498.273610606789	105.602670142871	-0.128919032330398	58.0109293098135	755.339175198492	754.490680359304	29983	663.512775739654	849.107701163739	56.5783141888292	0.567693134155153	42.7744277872211	1002.99290594302	1000.05824050866	280061	934.175681099295	1082.18581456691	45.2239444846579	0.179214717508601	0.448654249647621	0.528050826167556	0.585126134873183
sub-025_T1w	0	SHIP	0.417318421068465	3.32914540010075	0.597023179455469	60210.142544773	3.70327333333333	3.59519	3.96207	3.55256	0.188879728011738	0.383136439029139	0.427983832959122	0.264567926526069	0.040407072007656	0.0	0.00543472697566898	16.5423131438006	8.19481052321424	8.75034077298485	176	256	176	2.10297284509939	13.840606386397	12.7619220717249	22.3421869836782	25.126606419847	79.4051004117804	69.5462518244485	104.107048641718	1	1	1	10.7999653389254	0.0	3.90282947195158	0.0	1480070	0	16.0877931118011	6.29345332543199	35.7949653462326	68.4887335634502	260.34289589504	241.374353080987	52377	139.360507830977	459.593775361776	114.776588499792	0.00851089302121055	55.6257997723047	763.172950091295	762.791219115257	32370	673.315797621756	853.715978398919	55.111706478041	0.462567876633115	43.4017534211168	1002.95907529068	1000.08616751432	300476	935.074246421456	1080.72623048722	44.7621579782561	0.179263615237733	0.44473247055541	0.520379743001266	0.569837761483064
sub-030_T1w	0	SHIP	0.436021660575143	3.14895469528155	0.567827594196333	43001.1504516601	3.41874999999999	3.29147	3.71746	3.24732	0.198440005580934	0.388336169663625	0.41322382475544	0.317804664373397	0.041406762599945	0.0	0.00617208666133065	17.8282728572401	9.08395022608032	10.2187008772044	176	256	176	2.42442812005787	13.2318032995954	12.1537994440116	20.8051669123815	44.1806600092984	112.90486135675	101.710497424981	148.045970908895	1	1	1	10.6160729484886	4.42556423015759	4.68736603681157	2.98499771207571	2386898	0	18.887830350548	7.07287403069148	8.93967550559611	99.4988923469914	311.949488611831	298.448305729776	30389	137.721618577837	527.665250730514	123.098471245335	0.0191706998770482	58.1809090602614	762.928809621668	762.692648174241	20888	668.639487504959	857.354388118442	57.6394897935884	0.675287507655644	45.3238819433381	1003.14305208012	1000.07716450095	227734	929.955451006069	1087.23395114578	48.068586663923	0.181540096953088	0.44539381228612	0.518942674642098	0.648943911160265
sub-037_T1w	0	SHIP	0.483053354400321	2.86242578050699	0.632163945549708	19353.2973569198	3.75666999999999	3.69458	3.94944	3.62599	0.279496874442088	0.323268461233076	0.397234664324834	0.500510036945343	0.120598492026329	0.0	0.00398873234588874	12.178682524308	8.76456449517414	8.96849508252025	176	256	176	3.13615847220799	12.8873777996384	11.3946960167208	18.1605517783161	20.7790749975219	58.9106488914846	52.1827409123218	76.8584988479588	1	1	1	7.96072890306018	8.52480950077186	6.7127561405493	5.74989663064479	1044629	0	25.5818754285573	9.29003826316239	9.62582693498451	64.1147349279608	279.448152683706	270.382863715291	117787	154.076571390032	438.369364678859	86.2143027359794	0.159540744586133	58.4995909454165	765.24516500193	766.561069369316	11523	663.720552925765	859.795471082627	59.4789582758587	0.294657884038139	54.313756340247	1003.19015245205	1000.10327802598	193360	918.81282326579	1098.29911749064	55.0699507434285	0.164980561992596	0.377401506006074	0.450176512752183	0.477212985476769
sub-048_T1w	0	SHIP	0.497547779755577	2.82211479045057	0.589425818764195	31001.6987585912	3.46906	3.33736	3.73029	3.33953	0.180690735716422	0.369854363120752	0.449454901162824	0.296423733234405	0.065019291639328	0.0	0.0049800091992135	17.9562100346004	8.49587764309535	8.52532782477911	176	256	176	1.40069131730526	14.091674379547	11.5775980022341	19.2404283098501	32.4080852940959	87.961455344248	77.5169531112577	112.181318695429	1	1	1	7.66951990419722	5.84050049562686	5.59099779299581	3.93935772031545	1704189	0	20.9800642225891	7.44532563310923	17.146022045166	99.5539857209125	332.265662835803	288.916076442226	34232	143.265785638336	600.659537128917	206.263759096114	0.112465456337017	55.9714630830908	783.789596732051	784.170935295522	18365	691.333405020088	873.934572804346	55.6463032199744	0.267532639013867	51.4583490637427	1004.60242222746	1000.08951943553	265864	927.808273991569	1097.11112510785	51.9784498816291	0.177217041868908	0.432775698401365	0.50860855898877	0.556678953466485
sub-078_T1w	0	SHIP	0.454731389102955	3.04123639355172	0.54782682173635	32727.5931360946	3.71641333333333	3.5362	3.98057	3.63247	0.196697061664678	0.37384558492378	0.429457353411541	0.262662589550018	0.0369246490299701	0.0	0.00458831809784712	18.5443440546774	9.4160536863002	9.90744525547445	176	256	176	2.66826965580396	13.1389161677159	12.6890229013298	22.2598828804695	32.7568069094579	98.3530492169587	86.0689472473301	127.096985615573	1	1	1	14.4304663407669	5.15505510324626	4.86522624608078	3.4770318288356	1932553	0	16.9611308723688	6.56641610785973	9.29274783001938	66.5546951541062	272.427588422529	257.752652157098	46168	153.970319204218	463.434632536023	96.5981305963512	-0.0865004765224988	59.9746654694747	773.16756058317	773.908133154735	22356	674.883397411555	867.554776983801	58.9006592589661	0.564501758752928	42.874970492853	1003.62711741123	1000.08481333777	248400	936.169618500396	1082.71378923766	44.9275859020819	0.172193777153718	0.43382473570084	0.516483578113643	0.609407121698559
sub-079_T1w	1	SHIP	0.407920389400988	3.38599648726925	0.538595658769744	27516.665898491	3.67103333333333	3.51172	3.9363	3.56508	0.254773687558076	0.377253675100851	0.367972637341071	0.349913626909256	0.0433500230312347	0.0	0.0041497978660622	16.857566199694	10.6069272454776	12.6455058242919	176	256	176	2.79274089407082	13.5251977129286	13.0238215539844	22.7535260549539	28.6804506573063	82.1998746065509	73.1170868140437	108.470935178273	1	1	1	9.9528078521644	6.04010070856108	4.90491682596733	4.07398601807653	2001230	0	17.9314859043806	6.75936757903134	28.2819590883986	69.3509373326027	275.766164583239	264.422508560121	69386	153.562509469687	448.294581890571	94.6813947792125	0.0559722909136417	56.5653226940428	757.397285674179	757.850610734894	17323	664.303565365076	846.137158830277	56.0308804638881	0.448809695326803	42.2366166335877	1002.36013547	1000.05948750302	169855	934.459391474723	1078.38707269728	43.9517172512512	0.166697511523857	0.452188188577791	0.517288357350038	0.570269935824276
sub-083_T1w	0	SHIP	0.452021540829401	3.04456727246276	0.536516647862246	33278.9524459048	3.54617999999999	3.43236	3.79062	3.41556	0.219072080458727	0.361731073709098	0.419196845832173	0.321549385786056	0.0464919686317443	0.0	0.00416228389723878	17.7428736239422	10.1993597526597	10.8573690895908	176	256	176	2.56642189060417	13.583996946335	12.5793362672098	21.5875899646905	33.9710864373584	90.4404732992047	80.358600177514	116.664240795979	1	1	1	8.58450895678911	5.61609035321429	4.9650169478849	3.78799537941813	2009253	0	18.2624492682516	6.9579963503416	0.960874637555243	100.17644093457	308.870118563948	291.213693559169	35390	151.502876986004	522.931222293153	113.469098843893	0.0620897556715536	56.0467553542321	772.62819209021	775.291786009445	16666	674.186185760423	862.762142728082	57.0721952485219	0.352534280492371	45.5679526220151	1002.9386864891	1000.09237358719	220499	932.401204124093	1083.21269496157	46.3270845623323	0.169159101353077	0.430154697908083	0.511607274285517	0.540242888038595
sub-087_T1w	0	SHIP	0.496704289347368	2.76153489050083	0.547796678376323	22163.765625	3.61187999999999	3.53177	3.81359	3.49028	0.229543210696229	0.349234344932007	0.421222444371763	0.331207290291786	0.0668368741869925	0.0	0.00354582640847852	20.2213495987158	12.0979707249582	12.3092824550486	176	256	176	2.65250053752281	14.2052435016738	12.0719031077348	19.3579652840079	27.6092412961622	74.8131170076458	65.7370919315871	94.7889174909534	1	1	1	7.36427889443002	6.9122673201446	6.31735217489425	4.66225345805287	1814959	0	22.2435756586492	8.26035777909476	3.4726850216493	94.3445341100653	304.812348737812	291.30186682567	35681	148.337957352399	513.274957038462	109.820066252851	0.0761683672380799	55.2981385611568	787.876496823232	789.344423253089	13861	695.174021344631	876.468060392886	55.565112211722	0.447983861506011	49.3884138294301	1005.97049704631	1000.10675133392	177178	931.454179421067	1100.39858526363	51.6636905963511	0.172994691114036	0.437859962602339	0.5232888138533	0.474325353163579
sub-093_T1w	0	SHIP	0.493485543062646	2.74273950211234	0.578959359337699	23167.7195489408	3.52759	3.42571	3.74249	3.41457	0.25818321244679	0.342420460179923	0.399396327373286	0.378148227930068	0.0658629164099693	0.0	0.00396575220203392	15.4776482681617	10.2940153059873	10.8843405674272	176	256	176	2.84407639731662	13.1971943238644	11.7000788465128	19.0589658183575	23.9867316522093	68.7919787495236	60.2581753285159	87.9958155838147	1	1	1	6.79693246113249	7.44555584463721	6.89130164188924	5.02195110172033	1516454	0	23.9411253780126	8.33336558166083	10.729161826398	74.8770050036157	285.674352088022	272.606666408479	67363	158.649436376988	468.807031495123	95.8499719778086	0.155522796832733	57.3167317851317	780.056060490504	781.813557364046	12650	678.247660115361	875.177629418671	59.2385499407237	0.466135248785216	50.3862772882367	1005.21065814176	1000.06313040107	190025	928.366092659533	1099.52302989363	52.4719183889566	0.171150027170078	0.3979917921922	0.496810914902555	0.526173225206062
sub-105_T1w	0	SHIP	0.53443600272209	2.61182431345765	0.602694609379156	17653.5511111111	3.74235666666666	3.56583	3.98094	3.6803	0.289791538323077	0.312911045131691	0.397297416545231	0.448706656694412	0.101683121919631	0.0	0.0032497024860059	13.7762255172691	10.5091371608989	10.5218814326054	176	256	176	3.13973151123375	12.1153564164682	10.794136305266	17.127320988096	23.3236132104716	63.2906116194999	56.1780316260097	81.9198700480578	1	1	1	8.24472782303372	7.99804448675968	7.95677751151729	5.39459902793169	1337239	0	26.7825975269079	10.2954556595994	1.09197798929228	77.3457949190172	292.095255676587	284.739629868418	97560	153.650873489677	456.636941246688	90.6887004639434	-0.00441380278252712	64.6194947209672	771.773646607103	772.66524547711	8014	667.373778979294	875.767139428295	63.7717133693025	0.528479841893417	56.9272578175248	1005.54691343503	1000.09519390761	182725	920.134543139487	1109.28822482004	58.3916456044724	0.157584314693723	0.367736345048347	0.473940199353295	0.521615359152598
sub-122_T1w	1	SHIP	0.421303450377947	3.27436444091745	0.5874427687851	28791.9194214876	3.78523666666666	3.61072	4.04478	3.70021	0.204625514216867	0.384047730117418	0.411326755665713	0.281332433223724	0.0462035104632377	0.0	0.00455482888172889	16.5583532735303	8.67910039778101	9.69940652268085	176	256	176	2.47631923864032	13.7615952165586	12.9228601619757	22.5306660307282	33.3764046853617	91.3414483125338	81.3290020497067	119.269153151224	1	1	1	16.117379674124	5.49341642479494	5.11735829054387	3.70525307208299	1588806	0	16.9126874096691	6.86912707589278	1.37645730733472	101.05228116901	296.067413102808	279.866131234914	45252	141.473434938956	515.193028868269	113.015735024831	-0.0820443542645716	56.1303113727032	765.295626825285	765.911667287349	26776	673.788318729028	856.122627163305	55.6546935799654	0.516127538397371	42.5296755467995	1002.5691835854	1000.08963765762	258256	934.590325286611	1079.21471939049	44.3878445517237	0.183360220499554	0.458193693943093	0.530911090277779	0.5830328368609
sub-123_T1w	0	SHIP	0.484048102867546	2.8226126625572	0.573175909549496	19412.5053480953	3.88848999999999	3.74025	4.06634	3.85888	0.259099396176708	0.344985142013283	0.395915461810008	0.466817513108253	0.0994484603404999	3.52057246520039e-06	0.00296043557622089	14.9931615390923	9.73394652958747	10.2052519343469	176	256	176	3.25785053080139	12.7353010844957	10.9680339420325	16.9109502108004	25.2858467651545	66.3675103104543	59.6496976735907	87.2957359451633	1	1	1	8.61880683825353	7.50556258384405	8.33568169157561	5.06242503225803	1784390	0	34.5134247131645	12.401727338801	1.31777984209285	77.591288873523	295.025050273213	289.687010798603	92397	159.904219870269	449.392838336527	88.9191939391401	-0.0253586334070941	60.4248501260148	759.761514759579	760.33861371316	14808	661.445166875235	857.155782176367	59.7012143644902	0.74847476501324	55.6324469897089	1005.976287542	1000.10258846729	179931	919.890516165643	1112.89547052048	59.1391847807953	0.1631924865383	0.398450893132292	0.470790042555015	0.493868450390189
sub-127_T1w	0	SHIP	0.391994419826201	3.5193756625607	0.502137253567252	57313.2150031887	3.60956333333333	3.41027	3.82216	3.59626	0.181394895871404	0.405508695877808	0.413096408250787	0.239554464817047	0.0296548426151275	0.0	0.00572320890885147	21.2103514282247	9.68795378983361	11.178506492026	176	256	176	1.69035976369117	14.1180860842608	13.7147471753189	25.3357956780048	53.2490633455818	131.396690449253	118.921887287143	172.119908066595	1	1	1	14.0291416285236	3.80647246625426	4.04917657245075	2.5674266628921	2411520	0	14.8707385919988	6.15750969285732	17.021456714325	106.166662746913	341.476446569045	309.387622911483	23362	141.211008465662	580.866301443055	183.026718859759	0.0328583086889495	54.6096891445785	763.16334402866	763.440841253846	24624	674.881144426949	850.983735441975	54.0742799394843	0.418046726653511	38.1401003549437	1002.08967694451	1000.05081529542	214058	941.000002048909	1069.93057664483	39.4717613004223	0.156554016223931	0.458293493704129	0.517320703495648	0.640024077568816
sub-142_T1w	0	SHIP	0.512365278723102	2.73734843790034	0.58447655472284	19410.8931368388	3.47274	3.4586	3.60278	3.35684	0.276574798463628	0.319772164781774	0.403653036754596	0.466277584433555	0.105755968391895	0.0	0.00561672782942356	13.7827155535992	9.8521872087087	9.74156087268977	176	256	176	3.18878562194889	12.9755239100251	11.1282259684814	17.2203683734701	25.4564141333019	67.8941571560157	60.4529643299131	88.0083217004217	1	1	1	5.52003794511136	7.44498662046646	6.30523639980866	5.02156716585159	1771634	0	22.8223789781332	8.02470591029015	14.1767655136477	74.211244838624	300.250948597545	289.287334099411	86981	176.688347265124	466.329766228795	90.7196987998754	0.222340679813799	58.8440288656099	770.477325714614	771.550919219851	9425	670.256896415352	867.083015596866	59.458869822956	0.120161022991804	58.2713375871124	1005.44048427472	1000.12879386544	171957	919.365255281329	1107.67402400076	58.07807731476	0.15890202769312	0.370681480837345	0.468136353193341	0.503394306637935
sub-153_T1w	0	SHIP	0.421413866063602	3.32704861305841	0.524967669235681	27239.8892532082	3.67785666666666	3.59406	3.97428	3.46523	0.242048924467702	0.36497264068979	0.392978434842506	0.290692567825317	0.0358816564083099	0.0	0.00476709904442946	16.909893540572	10.4640485402176	11.8502765124415	176	256	176	3.02114977610112	13.3895361315973	12.9376925868092	22.4023918527291	32.763470497247	90.2331777747217	80.62579073311	118.880723927361	1	1	1	9.4646682200381	5.51136714005206	4.63079245061887	3.7173606455326	1851033	0	16.93797390908	6.346788066944	6.36663802744121	74.136777335539	286.385565312949	275.624304637312	57065	160.595975629985	462.001975066959	91.2307929265669	-0.123322719937929	58.3138200624863	758.745992236791	759.091039560735	12367	665.836251173168	850.717983730137	56.6905635337046	0.430891562262421	43.246453445731	1002.78566013742	1000.0899285078	189655	934.586436487734	1080.2829908207	44.6419872697377	0.168626076508754	0.413557695404744	0.495389022634507	0.551942555288038
sub-158_T1w	0	SHIP	0.414465182028477	3.38903801730748	0.495138323684339	36161.4107100591	3.60751666666666	3.55607	3.78642	3.48006	0.224335425595541	0.3631795604806	0.412485013923857	0.312757670879364	0.0449064075946807	0.0	0.00467029426206314	18.5494629614346	10.7530805903135	11.5024166164731	176	256	176	2.68623956353282	14.6417250543378	13.5933811751412	23.4521789075528	37.0085963738195	98.2221440764014	87.6108706539099	127.601871511508	1	1	1	9.58921183039475	5.13451654220555	4.29012206634105	3.46317877992987	2542909	0	15.7989643514156	5.80926186653009	5.21047948247195	83.5950213896276	305.808180439219	290.048378147184	42747	157.606117930263	512.427387787029	107.974355470037	-0.0962143722267576	54.1882448297231	769.875675756096	769.79881376028	15077	684.118053466081	855.92606652528	52.5739475074253	0.420192235279207	41.2458684216843	1002.6994954903	1000.05727065727	197767	937.433839496225	1076.56203825026	42.6422954653286	0.16024625744689	0.425776189629613	0.502879474302126	0.597842643730273
sub-178_T1w	0	SHIP	0.52569806628498	2.58661152173744	0.633249483712801	14116.5733607052	3.50394999999999	3.40169	3.71275	3.39741	0.239336391233558	0.336572858835178	0.424090749931263	0.51436623930931	0.116444519162178	0.0	0.0027119158120469	13.8851064695558	8.61114943654198	8.56981609797873	176	256	176	2.82472463137405	11.8441989198155	10.3768267100572	16.461556578982	19.6383884492673	53.9579515558753	47.9637522968873	70.2949168855193	1	1	1	9.49459536659608	9.32083639245046	9.95299106576061	6.28680860996246	1278031	0	37.2150164842605	13.5295068781204	4.92472721186416	81.6108864591855	291.281373693628	279.401672303676	65720	150.377571463584	475.270085033774	98.9121358927766	0.0835028069867092	64.013790166542	766.19270692101	767.677141010761	12730	655.4901252985	871.633495795726	64.8120648202452	0.666180485269408	58.1748754149494	1005.49523097485	1000.10840415954	219069	915.597798764705	1113.37935239076	60.7540433205771	0.170785283859501	0.392872643585003	0.474519945256971	0.459228535877229
sub-183_T1w	0	SHIP	0.478594400359703	2.88902611170857	0.537728427119485	37540.6506315506	3.57579999999999	3.49254	3.8096	3.42526	0.207812922903711	0.359227822421596	0.432959254674691	0.251885116100311	0.0403098627924919	0.0	0.00496809180531839	19.2681648187742	10.5844927485004	10.7328650463361	176	256	176	2.29016818869549	14.2086996560066	12.5778714932706	21.2347466351098	42.8403130052312	118.527246494469	103.898992084959	150.329416755177	1	1	1	12.7987441557138	4.35839362398993	5.15013218121777	2.93969182670116	1873260	0	21.0826383531093	8.07805648632379	7.72062398256354	97.865747738683	310.3135304772	285.001637905836	34828	153.637499959021	538.33923157528	124.443937228794	0.0278828631842529	55.3383917712661	787.188546087105	788.520368263125	14397	693.042740994691	876.95461269021	55.4936765497475	0.439396059619218	45.9172176749646	1003.94674007673	1000.0890982151	225541	933.60455276072	1086.97332331538	47.0967183319125	0.181105107857915	0.44245105893693	0.526063005298227	0.570944227835226
sub-189_T1w	0	SHIP	0.416672694381456	3.32802120245645	0.54746095976881	33290.3823251417	3.68347666666666	3.56207	3.9083	3.58006	0.230426648791237	0.3838206611579	0.385752690050862	0.337276935577392	0.0496053099632263	0.0	0.00374233793290921	17.1262882668618	9.71866660503143	11.3323856205844	176	256	176	3.05274559567541	14.6670445859373	13.0204170960333	21.3414611064871	37.0016888589259	102.133156361575	90.8600071267368	133.445176159709	1	1	1	12.265232845794	4.90965696941287	4.9498680979381	3.31151330284774	1980698	0	19.3556669019162	7.25204300288152	3.47996933299574	72.6172519196881	287.778131105305	277.294315483421	51877	162.905917983502	461.101273243501	90.833524827652	0.00164405725545879	52.5599711221642	765.819465044923	765.395973935723	21006	680.714931239839	851.527408116962	52.1835023222303	0.567561399691715	45.2145153462209	1003.01403964146	1000.05134681425	184657	931.710953675955	1084.14838231913	46.8594270073011	0.16508021336611	0.446454825970434	0.505108104726886	0.645967367513431
sub-203_T1w	0	SHIP	0.503746964781992	2.74021650329561	0.558849877765397	24499.7029478458	3.86355333333333	3.71499	4.07527	3.8004	0.244355232007818	0.337895497502331	0.41774927048985	0.377670317888259	0.0673127114772796	0.0	0.00309960575643373	17.2001269703903	10.941066661046	10.785524104488	176	256	176	3.1209007243547	13.2976149309764	11.7894627398324	18.9498725641661	26.917170066047	74.4144314729964	65.4979904343199	95.1623697639161	1	1	1	9.23677993898044	6.88514954515978	6.50472080502174	4.64396279677748	1885232	0	25.6317946612834	9.38552268106101	1.60607416823276	78.0316948451441	290.510593609733	282.885733775794	71811	158.938726726919	455.000354949384	90.6417054239436	-0.0521006319544894	59.4044297966111	781.110031405952	782.05773486197	14826	682.66253112629	876.520978108048	58.8098966574615	0.821862467532863	50.437723412217	1004.88565561906	1000.10798804089	195147	927.460570026189	1097.91920446604	52.7763668174227	0.1599382898016	0.401499820439162	0.481599720103283	0.481139591271215
sub-210_T1w	0	SHIP	0.492617029930179	2.82504108520244	0.523814818445111	23179.5226095266	3.38447	3.35174	3.54383	3.25784	0.214826258395476	0.356947718138459	0.428226023466064	0.392956599593162	0.0802854821085929	0.0	0.00432549984348112	20.0908057387256	10.9065516525971	10.999887656228	176	256	176	2.48617206891408	15.0965568871043	11.8027674490882	17.8255733912464	26.9415602857288	71.0501007165263	62.9134770712248	90.7487702114192	1	1	1	9.02191348977757	7.21976008857617	6.11002661387877	4.86965417861938	2117868	0	21.4191555976867	8.21136552495695	15.4159096667847	85.0628876601418	315.801868031685	296.902449131011	36281	170.291440486907	523.982112407684	119.419874878337	0.230171698554317	50.9183079931161	781.848603325738	782.989132404327	14081	695.628268718719	864.528379440307	51.8635696025722	0.269378712526225	56.0209955745158	1005.50810570361	1000.07318973541	162532	923.440210819244	1105.52134037017	56.1031104715739	0.171937766054516	0.421145314085951	0.483941769582531	0.472854471955724
sub-217_T1w	0	SHIP	0.420948757121655	3.30050856787856	0.551343514225203	34924.0219910678	3.7689	3.55343	4.03021	3.72306	0.225738849656244	0.372001274913289	0.402259875430466	0.327908247709274	0.0533369004726409	0.0	0.00441906935637485	17.0040823475228	9.55630969255223	10.50785544269	176	256	176	3.17582748191201	13.4316666167245	12.5474552035074	21.0348715118857	34.0249745820877	98.7421078044313	87.8026762496508	130.640946362433	1	1	1	9.75879497954223	5.01504698653315	4.84959111930889	3.38259778916835	1976387	0	18.6303078234195	6.82839247586438	14.7250655702604	57.8273494831784	269.130798073379	260.460029765963	68506	163.46403816156	415.864378195256	82.012681809979	0.0341389470761979	56.8822060126394	755.441236281823	755.867495972663	18324	664.003946013748	847.351154179871	56.2734984564017	0.431989727939676	45.9069685690342	1003.67526621153	1000.05202637612	199726	932.03579083085	1086.88070962578	47.5424593037315	0.149462634997163	0.419223436109007	0.484842127961746	0.632095818910806
sub-227_T1w	0	SHIP	0.40799671018464	3.39394760635588	0.531720784422062	32425.1211465657	3.59727666666666	3.41974	3.85658	3.51551	0.208735613815837	0.387712353293577	0.403552032890584	0.342823147773742	0.0605040237307548	0.0	0.00398423372122425	18.9626037044182	9.83518003262972	11.2370066303378	176	256	176	2.64765015315642	13.6515037322921	12.4059732408256	20.9187658370283	31.4683670300013	88.0083217004217	78.87257043405	117.141022571726	1	1	1	15.3863375080821	5.59305014578098	5.06762119777967	3.77245499566197	2030406	0	18.3532929550856	7.46399722919374	2.53894900152426	77.5036948772507	284.405560350572	268.652687905356	37841	146.946104116737	484.431125633418	101.467007567035	0.00736321895076308	55.5309978759683	751.563563936295	751.347286636009	14817	661.011959549412	839.993991010263	55.0358368360405	0.534090847723578	45.9429119117723	1004.0639378745	1000.05985527858	182432	932.814347974956	1088.29338601045	47.8066976873623	0.176360339938245	0.437484506168239	0.504773762123767	0.560266352119981
sub-238_T1w	0	SHIP	0.475765312314339	2.91614995404282	0.54913865632057	39924.6731779038	3.57387	3.43086	3.77068	3.52007	0.196844434005097	0.373735625531868	0.429419940463033	0.290227830410003	0.0489294707775115	0.0	0.00666005243767541	18.056280731584	9.04639416882288	9.54600201021697	176	256	176	2.41782636511618	13.3236917594253	11.9433041244843	20.0883942489114	37.7326473399166	107.867730904212	94.885122569691	139.054989464944	1	1	1	9.01302866442176	4.71181550131543	4.87761083780393	3.17807126045227	2003528	0	18.7953120637685	6.89998869503732	12.7224573640349	75.2418037866307	293.746556119186	271.377491224557	40580	161.236217670422	507.547911766916	112.238890014927	-0.0399280859037185	58.4559610631945	774.065021304966	775.796989094466	14141	675.81188779883	867.116880469024	58.2248202561731	0.522081881469799	48.2592978298791	1004.60980852964	1000.09929977357	216516	931.274194039404	1092.80959732458	49.7848149459547	0.172160654523932	0.429840057936416	0.486525103577762	0.650516795865633
sub-243_T1w	0	SHIP	0.482022501882981	2.91229635148494	0.526573703730861	17420.5034866891	3.54959333333333	3.44342	3.83219	3.37317	0.283297646272222	0.327232660138964	0.389469693588812	0.456839144229888	0.0952023983001709	0.0	0.0033962523118435	17.7141237982796	12.7883843178535	13.0625176876387	176	256	176	3.64816274590075	13.9122492263714	11.6608672557028	17.4221897948364	24.4418295191231	62.1732087005319	55.8986735286076	81.0809823661677	1	1	1	18.6552127440306	8.08062467421923	6.74565060047521	5.45029851794242	2236958	0	25.0639578104019	8.92104880052371	1.88557712150927	67.2835687159479	310.254854944086	301.471954077482	67888	193.702497021853	466.313822756707	82.6360430453488	0.0330941649449822	55.5749084737119	766.008062469614	766.860709160566	9797	674.235295844078	855.415083175897	55.1184469281207	0.340044559049231	56.8392238989298	1004.69015947985	1000.07416275143	123633	919.283683359623	1105.52075448632	57.4020906666999	0.160109075225512	0.388925971850026	0.470269590962888	0.444871435404331
sub-299_T1w	0	SHIP	0.455061688893345	3.05594571853191	0.555572695354385	19093.570677186	3.60096666666666	3.45479	3.88264	3.46547	0.29372615302222	0.34890852083871	0.357365326139068	0.548403561115264	0.100664421916008	0.0	0.00401533788398405	14.2644091813796	10.2416320692089	11.7270159323078	176	256	176	4.1158923634719	12.6142495613225	11.5273275549893	17.8518407401734	23.2540816543164	65.3268464906415	58.5908957596583	87.1917591340172	1	1	1	8.7035745666839	7.51445629313552	6.04245783935067	5.06842374801635	1520414	0	23.8532692641019	8.26583676815879	13.859716256267	50.0180997011833	272.493738090658	266.72579973936	130073	182.304866686463	383.299545943737	64.8036320900478	0.096751133074119	59.5990314749311	746.896190266065	749.303095847368	11699	646.8734196648	840.537891076505	59.3987828830861	0.539562877094723	54.5267734770646	1003.57659194164	1000.0950384289	122626	918.715159624815	1100.70324982702	56.0217276834524	0.142511761879819	0.370743311142063	0.388686479106209	0.530890562991861
sub-308_T1w	0	SHIP	0.467541888470933	2.91278214503623	0.573583426332059	58196.0293746317	3.48328666666666	3.41769	3.66967	3.3625	0.198358161908185	0.36722668264696	0.434415155444854	0.254274427890777	0.0322637178003787	0.0	0.00599469097135131	16.8004308103214	8.82074927888359	9.25606939625588	176	256	176	2.42872354474839	12.7017093528856	12.2800521217982	21.7097234677606	29.5644828871021	81.7868898967637	72.2335062164682	105.349145865538	1	1	1	11.9791963924794	0.0	3.97311848822106	0.0	2177265	0	15.9918334465473	6.21920391261556	3.49248535321305	92.7426699059207	298.403416727771	280.655368326231	32074	139.624933380726	522.626727104187	115.554935750641	0.028080853003007	61.1558358877535	774.941809386437	776.4022051692	18445	672.316569735109	873.483888671547	61.1241476954241	0.629178155696465	43.4221956588808	1003.89706457832	1000.07848771288	266296	935.142745027318	1085.98551771277	46.0658382608609	0.166754960606284	0.433255199836505	0.511366820455007	0.628082056676967
sub-309_T1w	0	SHIP	0.431986847968824	3.23523186146798	0.589386761757308	23617.18344078	3.76285333333333	3.53675	4.08245	3.66936	0.205254542778018	0.393121834670025	0.401623622551956	0.372286096215248	0.0662101984024047	0.0	0.0036898277334323	18.2425408622953	9.22908481716171	10.4873748256727	176	256	176	2.66623637564476	13.726368133723	12.3422594024294	20.6341736979204	24.8175162305934	70.7654912545668	62.8763687823085	93.0460988617652	1	1	1	16.6770676284307	7.04169904995009	5.92263339618189	4.74955383315682	1668946	0	19.9750739224255	7.73274177476772	3.96441679447148	79.506275798018	275.604616447713	266.749764572829	50071	126.957931894809	461.178308721631	100.046306201884	-0.0722922931882337	56.6582097316906	760.544302425039	760.619151273742	24086	668.912340559065	850.431193172	55.4118433985802	0.472378022316424	46.7948369489591	1003.1663761636	1000.10108727961	196917	929.66621447727	1087.78256690874	48.4680686767531	0.165054448486345	0.43544150917558	0.489492319328885	0.497728453839835
sub-316_T1w	0	SHIP	0.50954673774386	2.73418670054743	0.577583969458819	18455.1337092571	3.75289333333333	3.67297	3.99407	3.59164	0.270713974541863	0.338470811580486	0.39081521387765	0.470891043543815	0.101136508584022	0.0	0.00362916895385161	15.5341424456198	10.6437495639039	11.1092082824786	176	256	176	3.51788729194646	13.4594522954638	11.4870803560924	17.483901480867	23.316772080355	62.5304807354342	55.4540306264833	80.5148390636607	1	1	1	6.61686319008257	8.13738886484838	7.15868270778555	5.48858538269996	1551761	0	24.3114027380943	8.56594365403178	2.87096702386024	66.4969445888224	295.45143489758	289.615477770566	86904	177.217330485582	443.329540789127	82.3260631838175	0.0529263839928235	57.7604841511017	775.430230037742	776.685340106487	15037	678.69893848896	868.913777917623	57.7036492139561	0.398648470110308	56.0631146946303	1005.92852189183	1000.06739795207	171926	922.755790352821	1108.55955809354	57.1991606460534	0.163555769890139	0.392057113368313	0.474616480139041	0.49866458212558
sub-386_T1w	0	SHIP	0.486507992141696	2.81987416341962	0.582120326354225	28458.1084594726	3.53862333333333	3.43716	3.74033	3.43838	0.222809430252391	0.345457028342162	0.431733541405446	0.335159838199615	0.0671106100082397	0.0	0.00514924292579302	15.9292835813028	9.33427529955247	9.21496396643539	176	256	176	2.88436485907905	13.9356317058027	11.9822844390399	19.1268567522379	30.2424579272478	80.9635317250447	71.550839189574	103.446527916429	1	1	1	8.42884988529071	6.33374147456598	5.46978779399085	4.27204370498657	1769728	0	18.8311686515808	7.27582926913748	2.33629929445217	87.4563022808071	304.706340135021	292.378671169281	51860	164.900887012481	496.756659650802	101.365765607843	0.139714863979147	55.3822354536049	781.6452307418	782.740935802459	16708	687.435058379173	871.768617796897	56.1666329765174	0.447116625582454	50.3659122057487	1004.99622947821	1000.10251951217	224748	928.161303520202	1098.80381727218	52.2877494991802	0.165345976914244	0.397750816048059	0.477718103914989	0.509231706255981
sub-402_T1w	0	SHIP	0.46848371042434	2.95111604754038	0.485452843050176	20890.3754310519	3.82222	3.7256	4.06072	3.68034	0.24820406187881	0.336244048495557	0.415551889625631	0.457794725894928	0.0880638256669044	0.0	0.0033967488219848	18.3214654847315	11.7475910383156	11.8377743644371	176	256	176	3.40650108198488	14.0707622745708	12.0113658241362	18.5568341158529	27.6057313957514	72.3299422374838	64.5651460607713	93.7597645490787	1	1	1	18.5149077450136	6.98806151619485	6.33875646336093	4.71337586641311	3177701	0	23.2484079897403	9.42544374027755	1.72408690225286	72.9969128651164	298.890325493923	294.458603113889	60898	164.331212639808	444.941089432686	86.4394809746184	0.166731038257559	54.4879931735733	771.085381773131	771.512750349938	10592	679.30574260652	859.886955488473	54.8283252064589	0.58209478812336	52.5993278989261	1005.14115981557	1000.09555630385	170465	926.496829092502	1101.14651322364	53.8934937189243	0.173530626231149	0.394839058128329	0.490331691447614	0.510368925727287
sub-404_T1w	0	SHIP	0.428691401407276	3.22239028060229	0.550883965771226	29060.2214532872	3.72997333333333	3.63626	4.04503	3.50863	0.261691686090591	0.36412493416529	0.374183379744117	0.373442083597183	0.0700453996658325	0.0	0.003974279174583	16.9834059117788	11.2086137474834	12.9502342084479	176	256	176	3.21585947149703	13.9154460004752	12.9611280747596	21.7520787523066	24.1986178930834	68.3253340436853	60.5183989853214	89.0312450191956	1	1	1	9.18651238492275	0.0	4.9164430011467	0.0	1703580	0	19.1477258056402	7.3589926343275	35.1004390272765	56.3302499321929	281.883596440035	271.817366331815	72161	172.095206934958	436.347213070839	84.5234331056351	0.0132150273604136	55.1887558807035	765.82453474812	767.482359346002	17505	672.178905904293	852.843724388629	55.1516952602643	0.392223390709859	44.5182680080854	1002.61464608422	1000.06697280332	159074	931.911780949682	1082.18125846982	45.9755520741026	0.160033355354401	0.410702243032925	0.469973106370392	0.510308662009121
sub-439_T1w	0	SHIP	0.479698067703339	2.89947670065444	0.530928631800119	25450.7291810964	3.64626333333333	3.58918	3.79897	3.55064	0.25805712135252	0.344470255764375	0.397472622883103	0.383090049028396	0.0715912580490112	0.0	0.00465905614743529	16.0517621864831	10.3691580242432	10.9907149000773	176	256	176	3.59844811145613	14.4188665637738	12.3547243683664	19.0468584298693	27.6209718065096	78.2726106493927	68.7303607189442	100.29749970093	1	1	1	10.3080611313815	6.53236087739265	5.26507098766958	4.40601045638322	1746657	0	18.7419847771525	7.10342722953202	3.50098321818127	56.3050508461829	285.579653105282	275.408534198999	79402	182.226345147751	429.715898163802	76.5348815367826	0.28360445106391	52.990121445715	777.824977846373	780.455702930688	9461	685.594955418258	862.164180424064	54.124535548451	0.30689153500794	52.3563849426844	1003.48400445682	1000.06573157384	156950	924.637463014572	1095.58409258723	52.5053803131718	0.163910507492387	0.395147664721445	0.458114502777441	0.515333785157573
sub-469_T1w	1	SHIP	0.500408091785465	2.76995602185903	0.545700144832941	16351.1959237343	3.69891999999999	3.47482	4.0032	3.61874	0.212295210691598	0.35673567495722	0.43096911435118	0.469286665320396	0.113026596605777	0.0	0.00311921396804522	21.5005717201818	11.5863350371235	11.4716328865403	176	256	176	2.50589896214019	13.5299551441307	10.8038865955401	16.3758056803494	21.1878574451117	57.3997296407558	51.1552034649382	74.8780233089471	1	1	1	9.31754925961309	8.75003958955378	9.57625131756198	5.90181201696395	1948582	0	35.0349605083465	12.7479742668979	0.686063742785627	103.997285822339	296.379546530172	282.98624753952	37767	133.384710699319	509.375245571136	112.926540660669	0.0150185399750482	57.4047183263719	767.07432605756	766.634103655815	17071	674.329011887311	860.499228537082	56.6603245079716	0.601090547815227	59.411096830983	1006.57452224029	1000.07520318031	169657	918.840707838535	1116.08903914689	61.0701100973415	0.170260625070294	0.432723763175728	0.501320746727522	0.447637636290214
sub-488_T1w	0	SHIP	0.459054387926262	3.02106012139059	0.608769003995523	-1.0	3.72186333333333	3.47286	4.05381	3.63892	0.209524839316916	0.367887765567026	0.422587395116057	0.340251192450523	0.0667223393917084	0.0	0.00369164657391121	16.7149242171158	9.15104230497289	9.67395815587602	176	256	176	2.29757223992683	13.2895593431713	12.354159247618	21.4753461597559	22.6728182777228	66.9553456085531	58.7248055937109	86.5462528948569	1	1	1	40.6587548340778	0.0	5.28149465126317	0.0	1551374	0	20.5169398784637	7.57033646427141	1.04202026307852	94.0428385392602	282.750672677305	261.992560565471	45334	126.739562863111	504.868225103616	114.02891557244	-0.0162456116660187	58.509530049462	772.658922842372	773.693072676658	19824	674.801057392358	865.654232025146	58.2166449918929	0.400012894898181	45.4111893723391	1003.00956473639	1000.07304453849	243813	931.950963020324	1083.71060550212	46.5683293854738	0.160676262330716	0.424178581409394	0.501361330411346	0.491266453857465
sub-504_T1w	1	SHIP	0.475398622594299	2.86496492642074	0.60517912774337	18726.164133454	3.43370666666666	3.26677	3.68487	3.34948	0.191875525960667	0.371925720679421	0.436198753359911	0.39237493276596	0.072156935930252	0.0	0.00305245420400068	18.0068408715437	8.89793539965427	9.19872482085425	176	256	176	2.22520999803424	12.321972794368	10.6411212747042	17.3761810317104	25.1454837897439	65.2653032001454	58.9020167577718	86.2952632834261	1	1	1	13.1427638102615	7.59249059358053	8.71339319802384	5.12105708383023	1518023	0	33.0293030850589	12.504738211362	14.8729093519011	107.55279574575	304.780304364403	291.41541997157	33280	129.905158096924	511.963288452289	130.958894647981	-0.0754027620206572	62.3572600230164	755.839470072376	756.371040647849	18508	655.131681375205	856.337711177766	61.3822655973673	0.82305761471255	53.5068419938131	1005.71673051124	1000.09093488007	223077	922.002389879897	1109.69367731921	57.5551492856864	0.180931609198283	0.438830815378682	0.506429776794341	0.531747949796188
sub-519_T1w	0	SHIP	0.40428191840278	3.36207911805554	0.52481852677994	32590.5651020408	3.62126	3.45607	3.81618	3.59153	0.20369778026003	0.395642886383589	0.40065933335638	0.303688645362854	0.045083075761795	0.00240161798716435	0.00121025892868629	19.7224261295546	10.0132367070226	11.5944254053263	176	256	176	2.87284427891357	13.8218973587538	13.0853420941131	22.561284644672	33.7319870821572	94.3067524366316	84.208022999138	124.585329478625	1	1	1	116.978478093923	5.2588058517408	6.85052438996234	3.54701064527034	2084776	0	23.466816805303	16.1780188048203	6.10649880549604	71.2796836643563	282.660796376172	270.767997410148	39538	156.552969483658	463.483768541365	94.2496518962056	0.0293598566163328	55.3127296652302	756.829467462785	757.004040032625	21660	666.966516189277	845.936335921287	54.7671962453601	0.467148556671051	42.9469144558832	1002.68494052377	1000.05137816071	190951	934.945740737021	1079.0366224572	44.3258783930159	0.162502741113141	0.451358587599145	0.510580509906303	0.628887308463179
sub-531_T1w	0	SHIP	0.470203429182049	2.9811314674843	0.558902380912347	39931.6531521659	3.65290666666666	3.57527	3.87334	3.51011	0.210309587341356	0.37878963028192	0.410900782376722	0.326126784086227	0.0580146729946136	0.0	0.00496764720539901	17.6173238316133	9.36468133412226	10.2466930715337	176	256	176	2.51367976450911	14.1711756207157	12.3939026086605	20.4968524407567	39.327568023452	116.050549924238	101.390438645172	148.793197987826	1	1	1	9.99743044447968	4.40338415534139	4.31383997392431	2.9700374789536	1699077	0	16.2187340762466	6.29017845073032	7.24280434983274	83.4916172199044	282.890768325242	264.33333562687	40638	149.462768426164	484.931413475424	105.156626172647	-0.105568525583472	56.8554601233785	779.409014580099	780.013372413814	19408	688.408098798245	867.804186129942	55.0408306184541	0.616674993833139	46.6240675271441	1004.98903203226	1000.08732600137	209060	934.280613232404	1092.59525806643	48.7921224501355	0.165775985001365	0.444036209293482	0.503841176706671	0.593492422802439
sub-569_T1w	0	SHIP	0.42269868424976	3.26682947215651	0.546823609874043	28850.4848032981	3.72451	3.51252	3.95243	3.70858	0.207021746267248	0.378093286278769	0.414884967453981	0.324733853340148	0.0514814555644989	0.0	0.00576062381791769	18.2120314005633	9.48709221295711	10.356956653932	176	256	176	2.63795679671987	13.510051077724	12.1910203776313	20.4250532584501	32.8152812792705	91.0936664067002	81.4798430337932	120.530581415408	1	1	1	6.24143644723803	5.43571980938308	5.91709341195388	3.66633729636669	2032248	0	21.6859950721263	7.92123469651553	9.7121379175608	82.8079868833678	285.289443691569	272.271048441529	34730	144.76701830253	472.581776664405	103.211367573116	-0.0194027324446164	56.0534510839929	755.622462738846	755.811533287167	18531	663.061000406742	846.87191067636	55.9428780466871	0.429853535843952	47.1866740899638	1003.84779580079	1000.0520029664	215525	930.313587158918	1090.04628227651	48.9619131109415	0.166696494711174	0.451499838095156	0.513082798282469	0.629778682163537
sub-578_T1w	0	SHIP	0.505903569050998	2.73139242283344	0.53075289675594	19651.9549142581	3.46750666666666	3.39606	3.62236	3.3841	0.251554967209885	0.335064186601006	0.413380846189108	0.531652480363845	0.13435281664133	0.0	0.00451539601300939	17.1888767758948	10.9666934172426	10.9202465623518	176	256	176	2.95571496858968	14.2889992086886	11.6176171325777	17.6081372204547	23.8677236749994	66.5427051380342	58.4526182266376	84.9474258668792	1	1	1	7.34372811047077	7.71308130745584	5.7094621554818	5.20239428430795	1843945	0	21.2015383504331	7.85161389243222	1.45270411614386	81.4628176444993	291.108638350481	281.000557027757	53918	156.356891229748	474.486864998936	95.0693670356741	0.13906463554	53.3047879398831	781.039992484663	783.423566676676	10813	687.307550632208	868.792718911916	54.8245071886164	0.324870790700751	56.3160594092323	1004.7350373642	1000.10685190185	125326	920.218030083924	1104.61796447634	56.7977662458629	0.162567427690665	0.393554304524835	0.463057544681576	0.47340785257916
sub-590_T1w	0	SHIP	0.483052074636231	2.82379205648202	0.549511777011695	17941.3180709326	3.65674666666666	3.53319	3.85592	3.58113	0.255445599870634	0.32107577611447	0.423478624014895	0.444540053606033	0.0962467461824417	0.0	0.00358457097516019	15.5247390998649	10.4688394088085	10.1132896675226	176	256	176	2.91389099156518	14.1920238225237	12.0724426229281	19.1114130546954	25.0744977094302	65.8844101169043	58.3473313778492	84.0830863072132	1	1	1	7.08547251029139	7.79226212828759	7.11742457514913	5.25580093637108	2111964	0	26.4653806015849	9.43217350700304	8.13757350812252	82.9516698904941	313.213005884534	298.238746751099	74077	172.435000933706	506.793400928378	102.349996817171	0.10697963398796	54.1589850051194	782.313015537848	783.636192094534	11085	689.009410129487	870.964493042975	55.2141720168423	0.581150710032154	50.4010146170091	1004.53108715529	1000.09318526834	187241	926.735623262822	1097.00866352766	52.3294908544143	0.167513424500357	0.377290687624498	0.469093500567089	0.481981820141558
sub-627_T1w	0	SHIP	0.406656608504393	3.37757432110984	0.539746457495701	31178.1749718812	3.57127333333333	3.47532	3.81148	3.42702	0.220583049500847	0.376211154715315	0.403205795783837	0.279243782162666	0.0376234158873557	0.0	0.00395043212686799	18.0175842257601	10.2153183722581	11.4578890907896	176	256	176	2.72270349082179	14.3185561561995	13.3819187010107	23.1044964560108	35.4045933591348	92.9201918125082	83.1931485849334	121.254660583157	1	1	1	8.76196820459541	5.40343001846988	5.5231062145499	3.64455816335976	2440655	0	19.5860224962234	7.00724268832706	7.32290887831532	78.4941017186884	310.133278321934	292.009789943695	42415	172.203982166014	520.643217321485	107.248677137952	-0.0459580471496048	53.7868148403414	766.297483078478	766.386593328788	17322	678.198023144621	853.049178663641	53.5224685282169	0.571570609763488	41.2475573928998	1002.69886423731	1000.08345265872	206828	936.484521655365	1077.95458471402	43.2851257715346	0.169976124124492	0.443588628518523	0.516135170309842	0.601793922453923
sub-683_T1w	0	SHIP	0.458779823682742	3.02669603984201	0.530532870647226	31479.275776	3.53428	3.36246	3.81101	3.42937	0.196113177443487	0.367898614156082	0.43598820840043	0.331710517406463	0.0715909838676452	0.0	0.00380713702170624	21.3255040281632	10.6811521032579	10.7874572253682	176	256	176	2.83013410113876	14.8539805702341	12.2163184577791	18.9648407019645	32.2823884309942	80.4066311251504	72.1712188650745	103.824637039079	1	1	1	8.5442231707222	6.31067786013459	5.50239045536175	4.25648753345012	2302366	0	19.5317855365574	7.41167481410944	4.5357295858506	86.2120023795806	328.541000382488	310.963875528425	33279	184.813942581415	536.798000387847	109.87437072137	0.137494236779778	51.1724724868172	776.029878100543	774.526261782273	19568	692.90468067713	863.505730813182	52.1413413214779	0.291851902434359	52.3175551630513	1004.95836225792	1000.10293779894	193978	927.668847728707	1098.72300782799	52.7344455793291	0.154100760061027	0.433498662689166	0.495507291509005	0.503351015981669
sub-706_T1w	0	SHIP	0.514700918325648	2.76836682828669	0.573869916726139	21506.3250525698	3.47409	3.45027	3.64518	3.32682	0.249988813459547	0.324750655641653	0.425260530898798	0.438629046082496	0.0936421334743499	0.0	0.00441224033277935	15.6753128253403	10.2141219642117	9.93127601715832	176	256	176	2.92323353978393	11.7185838266207	10.8002985932585	17.7590784133711	24.7454360597001	69.7912145512435	62.0762913041924	91.6922233016337	1	1	1	8.91836152694549	7.14567329440514	5.8454294586118	4.81968339532613	1539401	0	19.5146621391177	7.43121386996127	12.0159570999622	67.4091837353324	280.913970187372	269.902270138263	72428	155.106174722313	456.240330303087	92.3294027703375	-0.0718867459443481	66.8845014304984	759.42053619177	761.223491784185	7924	648.346843706443	862.212710956111	64.9545601030635	0.290441434597847	56.0660520022557	1003.9633259872	1000.10115657001	176554	919.143957160413	1101.92118130624	56.3147648208928	0.168089464878885	0.381222875202102	0.466272872247501	0.506165895688931
sub-715_T1w	0	SHIP	0.464091377382002	2.96863977859051	0.531202773501445	-1.0	3.61599666666666	3.4792	3.83937	3.52942	0.203628309130915	0.365438903169625	0.430932787699459	0.302554413676261	0.0493747100234031	0.0	0.00329625561048303	21.4154854071705	11.2762074160695	11.7709438472879	176	256	176	2.52875628720045	13.7662083761381	12.6132555084913	21.5448018621355	24.6299297937702	70.3480472913667	61.6731195292127	90.0413815025012	1	1	1	12.0739196284978	0.0	4.61510016025668	0.0	1724090	0	18.64624042809	7.27645190157884	3.41846082523445	87.17410831286	286.98940940059	273.559062637388	27696	136.588909901678	493.908756097778	108.177338154355	0.0777064603605297	56.1891467374668	779.642427737277	781.339859127998	11412	683.032928529009	869.245792045816	56.7553246161267	0.327001518882663	45.3212870804259	1003.281123539	1000.06927054375	182816	932.970531754195	1084.60120438039	46.417996403939	0.155091787564407	0.418712597570726	0.48460108307345	0.502998291671024
sub-723_T1w	0	SHIP	0.445323743287396	3.05875689561195	0.554684881814042	30115.7869825461	3.62055333333333	3.49549	3.85356	3.51261	0.221695521737668	0.372122604110463	0.406181874151868	0.299788132309913	0.0444163382053375	0.0	0.00425011017444413	15.7793322977309	8.95115048248644	9.96158295219669	176	256	176	2.94083070658522	14.3049365556558	12.8678216302819	21.3576976286048	35.0697362097467	95.7344195731589	84.5526156172414	122.853691068818	1	1	1	11.0826203222304	5.33295270988164	5.14694642842952	3.59702194109559	2022661	0	19.016813673079	6.97640461167766	5.63438171195052	74.2065900328493	296.211952198965	285.475276224315	50671	159.091540193185	479.212551005184	97.0720479155339	-0.0204873004862369	54.9831558460666	777.683678198118	779.298986122012	17775	685.656514922156	865.616359151899	54.4760937297835	0.85217867265451	43.3250731779532	1004.45378481727	1000.05575129762	230176	936.090105306357	1088.86594418436	46.8240348896017	0.172664768384964	0.427341866179494	0.510288413658751	0.613958504519309
sub-742_T1w	0	SHIP	0.422164190773991	3.26946129487295	0.553337351710936	50484.9330825047	3.63607	3.44368	3.89572	3.56881	0.195132927712484	0.386613756203869	0.418253316083645	0.259343355894088	0.0351242512464523	0.0	0.00611319758355951	17.009133567594	8.5025270489045	9.49971075307287	176	256	176	2.73307084073956	13.4308281964105	12.9641134278695	22.7284412464584	49.4376825246953	130.821853930696	117.167130284878	171.241854399244	1	1	1	9.48817131588976	3.82597877481364	4.21154403438878	2.58058346807956	2330877	0	17.3233612440526	6.41001177711918	2.78710335722474	81.5854547999613	300.402776934219	288.714722637087	43045	150.581824220716	504.776462931185	105.636255261194	0.00968571524459394	57.4959588103939	763.665785935329	763.996072299778	23213	669.054494965821	855.582891125232	56.8825395380516	0.442782794600522	42.1566179817429	1002.88945508271	1000.04777675494	252102	936.034970171749	1079.90249851718	43.9997526662696	0.17593746992688	0.446201308773535	0.513157018976217	0.691670798215171
sub-752_T1w	0	SHIP	0.438732795148439	3.16758530594674	0.579572239461683	77259.5623716942	3.65797333333333	3.46693	3.92069	3.5863	0.204753878110504	0.378456887880676	0.416789234008818	0.265113309025764	0.033797612786293	0.0	0.00554602456567632	16.3938192351679	8.66453804287162	9.40513398886217	176	256	176	2.79980211901264	13.333652038613	12.5869081639571	21.6272703342458	30.0253800508793	82.5333168194159	73.4499668625381	107.791203717319	1	1	1	12.7948250233937	0.0	3.71498767021637	0.0	1910391	0	15.6651472281664	6.07833183516412	2.95263312717713	78.8099651372698	293.417050168194	278.574390655383	48301	158.115762939676	487.719301620498	99.4968555154664	-0.0941399101885345	59.5170890563685	766.007860293375	765.741129763424	24632	672.496205786243	859.31759124808	57.4280462519526	0.90011624279788	43.2963270010884	1003.83272056464	1000.08289129659	254617	935.101539831608	1085.39854322001	46.2416621211111	0.178029105000919	0.439859001415805	0.512949298562311	0.6142430209462
sub-761_T1w	0	SHIP	0.465253913618904	2.98414050323391	0.587657215042393	41004.655527311	3.64186999999999	3.48745	3.95618	3.48198	0.215092711166043	0.391286129670135	0.39362115916382	0.378222286701202	0.0653528124094009	0.0	0.00478296426418487	14.8892543859649	7.86178453229376	9.12283188111651	176	256	176	2.81735098957538	13.2589185052091	11.7654953618485	19.2202165907609	23.1632976706986	64.4524535354544	57.2263650197904	84.0633438532182	1	1	1	14.300735954128	0.0	4.63440335556884	0.0	1965783	0	19.6270580161362	7.79400212650623	14.1066301200664	70.8307283971504	285.861865585742	275.568250065669	60561	152.062061134725	458.90838285163	97.8103104463342	-0.0569498801843404	58.7834506612248	766.299953306003	766.77552936133	24602	672.219931554049	861.464514941535	57.8297502394484	0.567204882883364	49.7631271303057	1004.17777053409	1000.08163300529	230755	926.52780393511	1096.3658274617	52.0326845071301	0.171047077529808	0.442452258097721	0.496541150009149	0.621414073071718
sub-763_T1w	0	SHIP	0.471462763916412	2.96000386958857	0.555244385154857	26934.320208855	3.66764333333333	3.54003	3.89999	3.56291	0.212053512665038	0.371629419076758	0.416317068258203	0.329814359545707	0.0600470453500747	0.0	0.0042116754976924	17.5894171075739	9.47322459610697	10.0740499230883	176	256	176	2.76454571108647	14.1104105109275	12.0590066610566	19.302063761156	29.581981249382	81.941639273583	72.4043357922402	105.689386853755	1	1	1	8.46495827586007	6.19910097520571	5.52725194629466	4.18123006820678	1794760	0	20.0241721235215	7.70788582263811	3.00639137069435	83.9784460234898	291.393884280698	279.913753550499	52011	147.290362324565	483.993713324889	101.250292771752	-0.00581877651785678	54.9201602022131	776.29005093107	775.356850773096	18984	688.344799736514	868.416985771618	54.9478293759888	0.358924536459851	51.0215068545251	1004.41599490843	1000.0653010793	205592	927.41642864421	1095.49697750713	51.8111887563463	0.168151959953052	0.430038917842798	0.495997619901397	0.52029034631554
sub-776_T1w	0	SHIP	0.423062454931213	3.24341085731226	0.537006413374955	31288.5559183673	3.53533333333333	3.39175	3.78886	3.42539	0.241347848004202	0.384561531710572	0.374090620285224	0.306415945291519	0.0467290461063384	0.0	0.00448638282412985	16.3724583236968	9.75559941597489	11.8834514560901	176	256	176	2.70700227994839	14.6357041924397	13.2533459395734	22.4173313463321	32.8046982709019	91.8776286667164	81.1047529315685	118.631931857087	1	1	1	7.19304730686152	5.52274513379691	5.15335665004371	3.7250349856913	1977246	0	18.7397913895547	6.69956871206419	4.68549339202859	81.3118014314407	294.466290453427	276.540866514667	49169	161.867097185924	495.372344866395	102.156564995246	0.134328994002165	52.4235961161953	773.850348734683	774.520735871046	18083	685.094107510708	859.623458236455	52.9184868508338	0.525062942586273	42.9924467338652	1003.24493379879	1000.05727719701	188155	935.81475075148	1081.23438576981	44.6107792318181	0.171603485372364	0.4480499666861	0.517553613113771	0.582129632718417
sub-796_T1w	0	SHIP	0.408478886859146	3.39631460219869	0.565334352414912	35087.2049861495	3.73778333333333	3.51705	4.10093	3.59537	0.184237553652206	0.395352359097408	0.420410087250384	0.242998495697975	0.0341500505805015	0.0	0.00530006831489103	18.7985796948974	8.85098831606979	9.8087109549057	176	256	176	2.56612582114454	13.7284416347923	13.0348366676578	22.8099425470365	40.7098680231239	105.232308444967	94.851210268925	138.611454338683	1	1	1	13.3599805975448	4.72668088370987	4.83649976165412	3.18809780851006	2028227	0	18.5836128666996	6.87680559241205	2.34084652596465	92.0692797775623	310.829820451479	293.713728871196	30550	148.750649031251	526.472117591649	114.456165521215	-0.170411915886417	56.8817665321666	759.107489314142	759.230506312102	33012	668.029110029339	849.09671633318	55.3026357332472	0.692203741965181	41.4897544236755	1003.38043791329	1000.05451000109	259502	937.654988791793	1080.54716749116	43.8428365641241	0.170973979871556	0.460658377289792	0.522419032214939	0.613861800977118
sub-797_T1w	0	SHIP	0.462511234962605	3.00069716097192	0.602118828100742	20080.8756541847	3.66562	3.44724	3.99917	3.55045	0.220362791781048	0.367321524576768	0.412315683642183	0.407023757696151	0.086128556728363	0.0	0.00310896382675487	18.0771690106218	10.0670324109485	10.6602463308804	176	256	176	2.34832568795097	12.7850632305257	10.9749519352171	17.7914668871747	21.8416348894292	64.0784933103172	56.9763482300357	85.0089164903608	1	1	1	5.66527823995101	7.70742493291331	7.70665947048644	5.19857911765575	1476133	0	27.1553107947111	9.87644810013203	2.12269946975266	98.2337637412305	268.968231338091	256.958339244127	53719	114.465608522295	476.919585612416	109.420915872907	0.0610934265581688	58.4519617583053	753.733812433032	753.858550682663	18545	657.339341375231	850.203397709131	58.9624166654751	0.347288243910064	55.4360128715131	1005.05256704091	1000.09683857858	204126	921.77104171738	1104.45589266717	56.2120254171862	0.166549139151144	0.438768907847279	0.506024233277444	0.50679036586164
sub-810_T1w	0	SHIP	0.463956072905609	2.99818619183397	0.552670848529086	19424.2368755756	3.76112666666666	3.65299	3.95182	3.67857	0.24374045822583	0.359794555633421	0.396464986140747	0.441235572099685	0.0855770140886306	0.0	0.00346934545197825	18.1919389101937	11.0998955554795	12.0234277071693	176	256	176	2.93941497239501	14.1961778653536	11.9408085470496	18.6868328034003	24.7223310773848	66.1914421491875	58.9595826844945	85.9649748269112	1	1	1	6.59394300754908	7.62148066053991	7.22811195237144	5.14061058685183	2036882	0	25.3670653142035	8.97356500055111	1.10211740171602	83.0890832796116	299.111971531752	287.605402767658	57659	157.712588854134	483.623940184339	97.8435884139453	0.0289746110272783	54.321729806005	768.987533333054	770.033227024599	14872	678.579076783545	855.842785248719	54.2404684698663	0.349779727940613	52.4039062410979	1004.70278032544	1000.06715109571	166158	925.141911823302	1099.21709777414	53.5170487276534	0.158519502429021	0.400069407222604	0.478418083612616	0.509543781562954
sub-834_T1w	0	SHIP	0.441922805139892	3.12177354431718	0.566630128541932	33726.3976502251	3.46124666666666	3.31624	3.68167	3.38583	0.20097885567285	0.385993197465745	0.413027946861404	0.372494280338287	0.0611773371696472	0.0	0.00450162900902322	17.2729125310787	8.68202121063576	9.58951634938313	176	256	176	2.52914752276562	13.4567662954313	11.7547186424334	19.2782421091034	35.8196985160879	91.3609657160194	82.4870529312404	120.280494561614	1	1	1	9.33150497069037	5.44720048351992	5.18770985303913	3.67408089339733	2118832	0	18.6812882348895	7.43437832674245	6.9128778816167	98.929541089158	313.253573754246	297.826649650931	32649	151.439961993694	521.527304169535	117.755918109706	0.0327452841692217	56.77658965515	758.99119728383	759.630355790257	23122	665.802808421105	850.518638444692	56.4484744971307	0.558851119620363	49.4857213156694	1004.71563462662	1000.08481918275	218223	928.044571511447	1097.75884662568	51.8762303166292	0.158850040709145	0.445224696014234	0.499956831056582	0.572459313424143
sub-840_T1w	0	SHIP	0.448414060109883	3.11404875332469	0.597334904234981	37197.9292820069	3.60470999999999	3.46635	3.90859	3.43919	0.169228056396218	0.360908476859392	0.469863466744388	0.242546409368515	0.0405405536293983	0.0	0.00371849933613679	16.9646932906657	7.94777453525338	7.66454408192739	176	256	176	1.88557545228433	13.1794936495544	12.269582222149	21.7436775646082	40.3969986334751	102.539086337419	92.1789773028206	133.600846937567	1	1	1	12.2630428654714	4.90409353523376	5.43736646651405	3.30776082351803	1574290	0	21.4031582698225	8.24762193755496	12.3682810379596	133.811695032806	330.946330917266	302.396050412207	32660	135.034471265971	580.27992534358	160.370893964846	-0.0701138596514301	59.5909180835967	767.733669612069	767.567288912832	17707	670.761082021519	861.268648039549	58.2378682289264	0.375095475743385	44.6725831276755	1003.16137237493	1000.08341738954	352123	933.28888580203	1083.55573464185	45.9941513729733	0.169087306573772	0.422902879767095	0.5155486834993	0.60355297591089
sub-841_T1w	0	SHIP	0.460599945580486	2.99475813244612	0.553608172128172	30700.7931053686	3.50957999999999	3.40102	3.75335	3.37437	0.226777513765438	0.361053259680886	0.412169226553674	0.308383345603942	0.0477938890457153	0.0	0.00453257655163407	17.2355047038442	10.1282292929911	10.8455153797327	176	256	176	2.71149516278487	14.2523973061979	12.3141077581884	19.9784308055826	33.4989236454444	92.216729193568	81.4472975183985	118.626239716183	1	1	1	7.79192233800085	5.52310213194099	5.12265404775973	3.72527577728033	1924301	0	17.3846202939748	6.7946575068583	4.42506075263433	84.9944050304253	299.029018146687	282.411382734775	38424	161.28078861162	501.222551276721	104.152023448975	-0.0173189877582156	55.4063578950271	775.940307936925	777.429575901478	14861	683.617670811712	862.903959013521	54.5454495868364	0.741816128499763	47.1436217690678	1004.6656361666	1000.07393495552	203296	931.171115916222	1094.37367377802	50.0575588260532	0.173582968324689	0.420889722149929	0.504832455346395	0.560516678542429
sub-853_T1w	0	SHIP	0.430328641434824	3.20615079871075	0.580223188871258	26912.9681926278	3.75352	3.73845	3.91364	3.60847	0.24067891804383	0.371046319607525	0.388274762348643	0.341021403670311	0.062512320280075	0.0	0.00359458959239027	17.2446689790047	10.4352766308614	11.8573083498969	176	256	176	2.49761660737507	13.6637247705404	12.5375785672535	21.4513943238452	26.9659898957897	77.6933911580292	68.7331964983568	101.540208441251	1	1	1	6.09561231223869	6.45246158654257	5.46682065723343	4.35211920365691	1276924	0	20.5902782492339	7.53584437774605	1.27390202913897	92.5033568625346	270.447599206461	265.58898871392	55944	100.981965875439	462.71438793838	106.336022196167	0.119398895228628	55.4152583314832	763.668226614018	765.204958807677	18177	669.992293809354	853.527377940714	56.0011214111735	0.335714421974955	45.6552324022592	1002.37518177417	1000.07310608401	185400	930.512343686074	1082.36107422038	46.6202986115417	0.171648654293725	0.441990556470968	0.513944956334697	0.487650468123049
sub-859_T1w	0	SHIP	0.38769688242179	3.58777080768549	0.522214834900559	26844.4818367346	3.54692666666666	3.35994	3.84124	3.4396	0.191132321261653	0.402674721998742	0.406192956739603	0.352631822228431	0.0532038584351539	0.0	0.00410093195325398	22.5396495949156	10.6794299271792	12.3642719113262	176	256	176	2.6136657006508	13.6258405449823	12.8081608803863	22.184976395526	30.307119048709	80.1556301142446	72.7098521734479	107.66680735739	1	1	1	9.02021680413562	6.08520974681537	5.86820586673926	4.10441160202026	2278226	0	20.876395702362	7.44471963056367	13.1168322646252	73.569748054124	299.979847226591	281.506532430648	27178	167.897009849548	504.733372926711	107.703656734536	-0.00177428521256262	55.2046725952099	745.498012687434	744.522547721862	21883	657.240315675735	836.030256748199	54.6392373837639	0.361361917671827	43.8660443619352	1002.62314124344	1000.0590801239	173073	933.443593978881	1080.93665838241	45.0780822645523	0.158113274948681	0.448849655441812	0.512629028301459	0.57952392985258
sub-869_T1w	0	SHIP	0.50301953645001	2.71830891135506	0.607894228774258	12055.7801197437	3.55956666666666	3.46107	3.78526	3.43237	0.271866025825366	0.322541331051528	0.405592643123105	0.589526414871215	0.126150786876678	0.0	0.00257652572256828	15.1067465921208	10.5897112220776	10.5095473975425	176	256	176	3.05759706408526	11.0667339627568	10.0173686250864	15.9277748484171	17.8452663892068	49.259471961826	44.3560546868234	65.9634257094374	1	1	1	6.04134647337147	9.93260066685451	10.3061155363637	6.69943734258413	1475919	0	38.135258719325	13.5518757002348	8.41237600939245	76.5809388692983	275.855621069137	270.55420037359	79094	141.599941939115	430.310013927519	88.4853315738802	0.0211933656768841	68.0882714352127	746.329037996085	746.828697133809	10316	636.1789664682	856.140522412955	67.4808395303224	0.822211147938027	59.3017400760721	1005.32738889127	1000.07932117581	161044	912.239390787854	1115.6743465662	62.7881939379966	0.173935978749999	0.384059933152211	0.477159499872225	0.441171796569747
sub-881_T1w	0	SHIP	0.513984919432906	2.65507768533211	0.617836192310995	18737.6987755102	3.53134999999999	3.40302	3.79729	3.39374	0.217778417612572	0.349414290399841	0.432807291987586	0.531948715448379	0.110985100269317	0.0	0.00368272436322296	15.322496643719	8.47511332038869	8.43779431607399	176	256	176	2.81567263122871	12.4314221933458	10.4459928582836	16.0908837502764	23.8119586726266	66.2851797844714	58.888246051596	86.5675996976899	1	1	1	9.61455928944221	7.56864122919994	8.10399946667784	5.10497093200683	1637490	0	31.7146319150924	11.4590750887051	1.78600129686764	80.8898531370744	287.880249244372	275.094121098518	77521	151.904791295528	473.805114626884	97.7004015742954	0.100750598516742	61.4006019718845	765.204552888293	765.77754586935	12920	661.27879089117	865.230356141924	61.5977720032569	0.619092575173965	59.0354015877595	1006.23211381894	1000.09571164846	207286	915.640348792076	1117.82910376787	62.1527887970268	0.174514261012288	0.386445650582766	0.466456231014689	0.520231693553741
sub-891_T1w	0	SHIP	0.435970603327199	3.19180757130942	0.610603804479525	28917.7639229227	3.67741999999999	3.46533	4.02373	3.5432	0.207601507286104	0.384202674482213	0.408195818231682	0.335466921329498	0.0545079261064529	0.0	0.00595511542158067	16.6796748657654	8.66796463220711	9.5545520672131	176	256	176	2.95207425674344	13.9863234624119	12.302731777614	19.9697976136867	31.3684587733727	87.6476247274855	77.9928917654039	114.962591795353	1	1	1	9.27942757278876	5.69920935176416	5.46180142138966	3.84405829198658	1417184	0	21.096918342635	7.90627847214792	2.50576905340764	66.5730478215916	288.038894753379	272.882736467756	55414	168.008048491459	481.527324013598	92.4367920674574	-0.0544642963792028	55.3092561106246	762.915505239697	762.470475624315	27902	674.193341698497	853.138795416802	54.5144557956916	0.530978797868527	48.2862146653404	1004.2897008219	1000.09078760258	226393	929.808084027841	1092.37845478579	50.0800558021357	0.179325325465492	0.43084586741879	0.490881047038472	0.55966528489365
sub-895_T1w	0	SHIP	0.445249159203614	3.16317786167039	0.580320449923861	-1.0	3.50308	3.34008	3.73391	3.43525	0.205993980183296	0.381840423746658	0.412165596070045	0.3322434425354	0.049402779340744	0.0	0.00623315239409851	16.7833456885335	8.807807211527	9.73751721720278	176	256	176	2.53567526371137	13.5236298732281	12.179775240202	20.4800205836666	24.4507342514722	66.258610318736	59.1900570374348	86.8608265420963	1	1	1	43.2225229839192	0.0	4.11763268099664	0.0	1838666	0	16.6056450605392	7.5430213937	19.3448101462672	82.6208706199835	299.233790178769	281.517576416954	42250	161.226110622938	498.861253693699	111.021410689729	-0.103871186079743	57.6166236915353	761.607003164259	762.879478458315	21330	666.26979588475	852.221308393403	56.4095292919055	0.314567869542004	47.9996056421321	1003.56183502789	1000.08650546893	228421	929.916123390197	1089.11121371015	48.8321929292483	0.187021589514963	0.451585198101214	0.5192891332632	0.57502320647129
sub-898_T1w	0	SHIP	0.51379206302662	2.69776568376812	0.578044804696943	20860.8703524687	3.52313999999999	3.41987	3.76353	3.38602	0.26878653251135	0.327885880918013	0.403327586570636	0.529871612787246	0.115653373301029	0.0	0.00462458891910573	14.4464979042576	9.94385558343998	10.0654613562539	176	256	176	3.14425707735103	12.5679266248276	10.8711095283705	16.901144882933	24.3655246393585	69.2678212350579	61.2330988559174	90.0659506933359	1	1	1	6.60732330079745	7.27461617253539	6.94124887586285	4.90665404498577	1580208	0	24.6529447138309	9.03967008752859	1.95090916044315	71.2823670077095	281.500905324681	270.554100785404	80445	162.817142151296	445.09335912466	86.0465326196971	0.103349495310545	60.6365872430236	767.606298851194	769.147940173745	13103	664.402843762189	865.773122513294	61.1969350635882	0.301803341608348	58.0194997175383	1005.59504522341	1000.08978513255	164449	918.2025161013	1111.34517374038	59.1727218082445	0.163104311134686	0.374470191860217	0.456777805795986	0.540513881926814
sub-911_T1w	1	SHIP	0.431818341790463	3.17627108369391	0.52790918196366	31916.1060720584	3.4766	3.30456	3.78368	3.34156	0.189931767998848	0.397374152554312	0.412694079446839	0.311116501688957	0.0545547381043434	0.0	0.00404633802237392	21.5544421162195	10.2467824489317	11.5973578182409	176	256	176	2.4115064370432	14.3285325109776	12.1183703997794	19.6150722513174	34.4631440681388	92.0155920707338	82.2743664910099	120.344363334157	1	1	1	9.89504318314229	5.44418388869277	4.5986835105638	3.67204623110592	1997951	0	18.2368010301142	6.78371361893401	8.1082933161871	90.126405552309	305.767791260959	286.388748494908	27906	154.380229363217	531.582692632451	118.757143973763	0.114551001464505	52.5203622203303	765.31996205275	764.649626947939	22731	677.816533718258	853.087311808019	53.3643488364036	0.415302280001804	49.1349033315633	1005.03084135549	1000.06173364631	188010	930.200282661244	1096.73837937787	50.9842156700914	0.158201273137344	0.426910356121662	0.490602400275481	0.535119232611043
sub-959_T1w	0	SHIP	0.448090775245698	3.09411788785866	0.54379636331636	28555.9175193623	3.50023	3.33013	3.76717	3.40339	0.215502109362779	0.381437814107764	0.403060076529455	0.356190860271453	0.0635912641882896	0.0	0.00453191350541813	19.1614032223876	10.4936534830024	11.7959724199301	176	256	176	2.67132390301884	14.0220693912971	12.4266896005048	20.5866755071985	29.9333423655642	82.7670071696923	73.314313560373	107.242591145862	1	1	1	7.28162767332239	6.1093040203069	5.4329709108897	4.12066294252872	2054241	0	18.8103545010089	7.21078923889099	9.88681463223386	79.2810445383339	298.18368296108	279.135595053434	33721	167.563141182065	504.608205527067	104.491804909456	0.00743839299827309	55.17027981697	770.489102548034	771.822187945246	17605	678.53792823255	859.142495796084	55.0418233968872	0.402459850793091	47.1022676374807	1003.55658714117	1000.0628773421	175130	930.591960229724	1088.98741275072	48.5780242558755	0.17057408067564	0.444431065997128	0.521018529031609	0.533904770805127
sub-989_T1w	1	SHIP	0.412181782312579	3.33667530040961	0.506653468587536	28103.9527412222	3.48462666666666	3.30816	3.74815	3.39757	0.205071396304587	0.395644344373097	0.399284259322315	0.375875443220138	0.0793631792068481	0.0	0.00435419756438319	20.1895012086158	10.2758606355096	11.9111940037924	176	256	176	2.92320988899027	15.5457867249607	13.2674609778419	21.3333863195749	30.7922531419577	79.492387642909	71.1265165367966	103.094908825523	1	1	1	6.04348756734426	6.35530656060877	5.8637842866258	4.28658913448452	2279543	0	19.5313760563731	7.1106701305118	9.65461081081541	79.4174398776825	313.782994789226	298.707579687237	34955	182.260613199323	503.635547309741	102.183325267549	0.10443106477967	49.4567089490983	771.529085048267	771.134824298322	19830	691.397820398211	853.83698759973	49.6028534325319	0.58350249922554	44.9172042629492	1004.36157642214	1000.09669806808	179089	935.314411148428	1087.53667041286	46.8792854029282	0.170872464069694	0.449349113087507	0.50900594250413	0.534547731145913
sub-992_T1w	0	SHIP	0.425711942634358	3.24937105950509	0.600080803429351	36029.6639231824	3.61014999999999	3.45959	3.88376	3.4871	0.209674105683365	0.386887520789416	0.403438373527217	0.283742666244506	0.0408944189548492	0.0	0.00638937466092242	15.0088932881926	8.03897010938323	9.16932286075205	176	256	176	2.65824482054821	14.6530464440181	13.3748167438183	22.8131589668886	39.4417210767036	104.788820528405	93.1034757224363	135.079885562199	1	1	1	6.67480710438239	4.85025685973179	4.49468058438708	3.27144853770732	1656782	0	15.7574771232903	6.20700691272879	2.61857610492589	89.810589519367	311.090393351793	292.004044061526	52202	165.044578727334	525.066127198468	109.847386863889	0.0221280628758595	53.0698938068987	775.847068189437	775.796758646145	24425	689.528660706803	863.029933904111	52.9433166164197	0.449533100240509	42.3993287154887	1003.0038739817	1000.05455590598	267777	936.310381148755	1079.1690863762	43.8366597992202	0.17505468552271	0.445220459192116	0.521072806710642	0.617008393184532
sub-999_T1w	1	SHIP	0.4769679224329	2.9004607771975	0.617717092860355	15247.3103999999	3.60120333333333	3.41148	3.93559	3.45654	0.246878086531178	0.347974528046334	0.405147385422486	0.455884903669357	0.089404784142971	0.0	0.00335933844172909	14.7832312205335	9.36863959560048	9.89230132764043	176	256	176	2.88603961412148	12.4947351755256	11.1492526469663	18.0669831512518	22.1034096072721	58.365608928024	52.4223369473185	76.7979923066594	1	1	1	6.68393250567326	8.53133146477767	6.94968001458576	5.75429562851786	1637603	0	23.7012596167624	9.19495428199546	1.4905996332538	83.3445458482126	303.170111006611	287.835500914603	70727	166.122088414058	498.491008713841	99.7330267624809	-0.0126952015332952	60.6142151623364	759.480091819207	760.049900919199	13011	657.699894407764	858.919162172824	60.8272749847961	0.408671450727293	53.8726735153443	1003.99369627715	1000.08048430457	195146	920.647060733288	1101.20317601412	55.353896859176	0.168441052398586	0.397136782512081	0.474604280327611	0.472643249719491
sub-1036_T1w	0	SHIP	0.489070394439424	2.77709381123762	0.613114931976998	18500.8574617346	3.54639666666666	3.36083	3.77566	3.5027	0.211875299578045	0.34577806346547	0.442346636956483	0.478946089744567	0.0996217548847198	0.0	0.00321243067251174	16.5678566912539	9.10631348631708	8.76326615253553	176	256	176	2.30416559158613	12.6576776379624	10.5197822882675	16.597503635254	22.8647722713849	61.3205534715203	54.9979916297463	80.8086491463337	1	1	1	7.66970611312373	8.10779013585375	12.1683338296695	5.46862134337425	1632741	0	49.0858180820941	17.8150723499064	4.09455307060615	109.259798397017	297.026377493418	282.968211017549	50178	120.14495204389	519.029816614836	122.806013765936	0.0517141906334748	59.7338996153562	759.054077280421	758.886513650417	14839	661.670239046216	858.310002893209	59.9526203975954	0.459128809039025	58.2197942285401	1005.3254276205	1000.06589229404	219506	916.323510035872	1113.25976540148	60.2538572231493	0.16113171277012	0.402159338654463	0.47720487859832	0.526674647374173
sub-1038_T1w	0	SHIP	0.499951980309323	2.73826339424204	0.593778481037226	20160.5989458209	3.58154	3.4265	3.80508	3.51304	0.206664042446215	0.367387252368765	0.425948705185018	0.41016548871994	0.0936949759721756	0.0	0.00338538059453831	18.5629861425766	9.64962119094734	9.92625835192133	176	256	176	2.6052312345022	13.0370088391302	10.8905736635097	17.0294809168967	27.0078759280156	72.1152708025547	64.2517211213611	93.6320166335131	1	1	1	9.1354077361592	6.99780789636337	7.44935760453652	4.71994969993829	1639291	0	28.1309002116322	10.2370808456043	2.71072726029051	103.24099249768	295.987819017517	288.483325660228	48935	131.645690397545	494.745127547532	110.731198907486	0.124392713802893	58.8282383820947	769.344896503215	770.29579102993	14155	670.884210449829	863.706742224842	59.0832291928395	0.74125739380237	56.0757672761918	1005.67453057141	1000.12587508559	187198	920.044061843305	1110.07395671252	58.7289306501869	0.176423434819003	0.432132537793831	0.496835850860473	0.526163554772491
sub-1040_T1w	1	SHIP	0.503120228555462	2.74629891368505	0.573093555583505	20870.4996048025	3.56669666666666	3.53848	3.75553	3.40608	0.281561857768832	0.327149316309687	0.391288825921479	0.541477411985397	0.0978557512164116	0.0	0.00428775814901909	13.6630446124842	9.83323241868348	10.1897721770729	176	256	176	3.48039301656053	12.6071571371005	11.2834735232685	17.7628704161443	25.5672817523107	68.8633512366565	61.2669076600947	89.370089991317	1	1	1	7.26064385956578	7.33129283270075	6.41879227775852	4.94488187134265	2355265	0	23.999999910593	8.73744547457172	1.66562637756012	72.4257018058527	293.705305300711	286.110235154628	96865	175.118109583854	439.269289702177	82.2058764452769	0.0668041472196812	60.4948399029543	769.055120872594	770.614170357585	11194	664.83936760202	867.151177871972	61.1224037545366	0.408169876456347	54.9613481789095	1004.66050076389	1000.09448446333	177628	920.598421767354	1103.77952344715	56.3023681360031	0.158703523065985	0.368002234140236	0.451359289219403	0.51241789984992
sub-1049_T1w	0	SHIP	0.514356014697169	2.68006421926078	0.594702082363576	18668.4482871244	3.70166	3.56268	3.97708	3.56522	0.293470839510079	0.306291107014731	0.400238053475188	0.444613978266716	0.0753824710845947	0.0	0.00421641669684493	13.7837065106271	10.737161704773	10.4654673164946	176	256	176	3.69867041015985	12.1141935502235	11.2135382894727	17.827750908035	23.5877548405329	65.1777110501031	57.7561475200844	84.5029766696173	1	1	1	5.61831811860518	7.75376878697076	7.43292624368741	5.22983757220208	1413203	0	25.2316724974662	9.04467816658958	2.45634366797419	60.3524342424449	287.704123865174	279.169341281056	99842	182.464751155767	427.286904802545	75.4779183500852	0.0912871054961712	63.0957267080106	769.432901670491	771.401041899807	7846	663.05776938796	870.316844051238	63.6733991628916	0.347270339813664	54.548443571496	1005.63323983652	1000.12233010865	177929	923.356878025457	1106.02195336893	56.0990292499846	0.153207437034345	0.354128793542313	0.45554986882064	0.526204843511143
sub-1051_T1w	0	SHIP	0.467093627317041	2.95714307452766	0.586343616870813	28679.0286641427	3.64503333333333	3.45446	3.91902	3.56162	0.221231148612612	0.361476546044165	0.417292305343221	0.370873808860778	0.0840615034103393	0.0	0.00450134135533537	17.1992752909882	9.80708865038878	10.2448710039186	176	256	176	2.50908859389673	14.1281652730741	12.3694286389829	20.4710320499781	31.3229700006275	85.4065255104991	75.3687837364775	109.376855698305	1	1	1	8.46656770301218	5.99031191105938	5.26856029066465	4.04040398448705	1911507	0	18.844179239124	7.1800942797805	1.52195387707382	93.8318529674957	306.889240046675	286.405029982328	43147	154.075175877288	531.67742267996	114.145714788578	0.045791141761172	55.0912292148248	781.328782028057	780.923983231186	18201	690.809727150946	872.95908710733	55.2727488011428	0.457698258019974	47.2841833635261	1003.60469704127	1000.09934035688	220207	930.220222264528	1089.45188093185	48.8542574256271	0.167964985078177	0.438041027151608	0.520910936312888	0.532497996718301
sub-1095_T1w	0	SHIP	0.423573894770632	3.32522436383544	0.59398881206452	29236.0436883007	3.80782666666666	3.67661	4.07727	3.6696	0.237357194299076	0.362713935379865	0.399928870321057	0.319832563400268	0.0490033626556396	0.0	0.00406746476897178	14.7575347998422	9.0074188243535	9.78311426313641	176	256	176	2.80303532648346	13.7837376031262	12.8923455488327	22.0902637168885	29.7235218295226	87.2580415520342	77.1948515249659	114.60299119334	1	1	1	8.03527985934272	5.71709010837542	4.9360535838011	3.85611867904663	1744215	0	18.1659340895712	6.96874184540973	10.2812430600444	71.9102740194096	270.966009880251	259.384233020246	80280	145.807981255091	450.534747274033	92.5363355457266	-0.0671296071493943	56.7242534190374	762.62180303769	761.462935402989	21583	672.958986533433	853.166257739067	55.2422947086217	0.290051970744536	44.3521131063812	1002.42112254606	1000.09040459617	243622	932.487824004143	1080.82788943871	45.2728118082236	0.172450907472149	0.430602808544099	0.503364530983211	0.550447861720964
sub-1155_T1w	0	SHIP	0.451441758509063	3.07451355470519	0.539758470891595	35635.4107055664	3.77675666666666	3.67032	3.91819	3.74176	0.207013868364857	0.366862416886592	0.42612371474855	0.271227091550827	0.0441131323575973	0.0	0.00474656932817311	18.0871087234116	9.75646336183909	10.2656501800692	176	256	176	2.42153307715812	13.8329436977717	12.9909805678979	22.718464928764	33.8800949798646	97.8571163265441	85.7620842009549	125.549041296455	1	1	1	9.87236915943907	5.21862302831947	4.49640631757265	3.51990774273872	1880790	0	15.6376229226589	5.87204530909858	5.31366094443028	88.2460598969105	290.352710631864	269.878828078508	48579	149.82689268887	514.688411585986	111.448426155519	-0.0841625787604631	56.8059949312152	778.051985040995	779.500880651176	17168	683.583394661545	868.127541340887	56.3494072704327	0.458845631627208	42.7755985927826	1003.22853251602	1000.08657447993	233846	936.901345327496	1079.94808785617	44.0207751390378	0.174814976972989	0.434061906623263	0.514172484744061	0.588106549032914
sub-1161_T1w	0	SHIP	0.459482735855951	3.01590549224696	0.605404702032448	30048.3484751643	3.55724666666666	3.46323	3.80269	3.40582	0.208407083412308	0.376137828504827	0.415455088082863	0.345091223716735	0.0521473959088325	0.0	0.00379621262032373	16.4095270432629	8.8308839088855	9.57885721830856	176	256	176	2.52141053969426	12.7303098583692	11.5893809163105	19.5164223508682	31.9268260980946	87.3084090369483	77.9737676250821	114.686067740203	1	1	1	6.62600577919235	5.71298659318895	5.86521747165858	3.85335090011358	1631123	0	21.9835054948925	7.99097570229504	5.38536537918403	88.2430375221344	290.663920684917	278.411533020436	47151	132.275279279798	495.349644307047	110.417790471716	0.00566393903459827	60.0891107859154	760.417065780484	761.355605185031	20915	660.791463276743	856.874352389574	59.8050960465088	0.422324960670438	49.6084519279069	1003.47997857323	1000.09702929854	243118	925.27133086659	1092.94199452959	51.2437656094227	0.179501508971335	0.431769689532225	0.507286839251657	0.592682646338858
sub-1171_T1w	0	SHIP	0.516004866716836	2.66404075794806	0.598902410022047	14380.0069444444	3.69406666666666	3.52521	4.0449	3.51209	0.295018851473403	0.314556368478187	0.390424780048409	0.674060106277465	0.161474555730819	0.0	0.0041700864313386	12.8992823830793	9.77258783897039	9.88113827443688	176	256	176	3.6620163515357	12.3152276042815	10.7441710924994	16.2552693216811	20.2859441317634	55.7992233147248	49.6553356514944	72.8808395079951	1	1	1	5.97403395956221	8.99014811739448	7.36468074318559	6.06376275792717	1747173	0	27.5659398995339	9.5450585789081	1.84991999216342	64.7511281584118	286.123595133586	278.375071886926	115975	177.820772901177	422.316895440592	76.0165561839712	0.0769462531140079	61.4418711826837	762.381811312805	765.708152431994	9719	654.960779853165	859.309584795311	62.1725219938535	0.381331192664823	59.5114712801757	1005.30802220199	1000.11164407432	161754	913.47051853314	1114.54191550612	61.5251911745834	0.135471086030246	0.333124085998355	0.39817582952532	0.471318373071528
sub-1172_T1w	0	SHIP	0.510555806122909	2.65501904471232	0.581887578712545	18742.1468665897	3.54758333333333	3.44738	3.74877	3.4466	0.218436317409895	0.338062052976794	0.443501629613309	0.400889903306961	0.0768637269735336	0.0	0.00262187630447951	18.0887683326279	10.4766223669087	10.0765214093325	176	256	176	2.61942538567307	12.5479843949026	10.9834546891539	17.7829542868862	22.5332603583809	61.231145410671	54.2291444184805	78.9230274863897	1	1	1	7.00582458734899	8.3018248489606	9.47976490390486	5.59949576854705	1521749	0	33.491984065622	11.9963502226011	1.68833084634626	93.1360975242767	301.88808106734	285.539287347346	46499	148.981584291905	509.344133846461	109.007196200979	0.0833695938180598	61.4853902876144	774.096263135685	775.915129277855	11293	668.670786570757	873.31135880202	61.8331000653404	1.03999070604355	52.9760198174298	1005.74965233971	1000.10494111105	207191	924.826719872653	1105.79542374238	56.2393914694013	0.175537923038394	0.409606096309627	0.501502043508301	0.485838150289017
sub-1177_T1w	1	SHIP	0.496156913713641	2.77877008476193	0.54851550440252	20803.8200692041	3.49061	3.45086	3.67809	3.34288	0.228895347316895	0.359350116921202	0.411754535761901	0.360658973455429	0.0845644980669022	0.0	0.00485478921998367	18.855337714643	10.8813337230327	11.3999530138761	176	256	176	2.24806084907339	14.4902188751729	11.6838987119018	18.313416411459	24.7487092655281	66.4558979259381	58.6176610364811	84.648375917977	1	1	1	6.90704009600066	7.7401019638342	6.6383881314549	5.22061944007873	1753039	0	21.8105878829956	8.06317549832378	19.1653576552865	100.219986909497	316.966540106405	292.39335989952	44725	157.283728790283	537.530446052551	130.06324593514	0.0550107977678786	53.7793751264924	784.45704874473	785.14249253273	13093	694.210903263092	873.019052648544	54.1822394424334	0.411574731898888	52.8620297085565	1005.58283982079	1000.07732844352	158833	925.944532394409	1103.48426461219	54.6088265436339	0.181627467713183	0.42107966865482	0.499080817961932	0.458642216152945
sub-1205_T1w	0	SHIP	0.408404472234938	3.36546554891086	0.494849699043159	27577.7747917226	3.77042999999999	3.6771	4.00946	3.62473	0.233424888265536	0.375094656565931	0.391480455168532	0.31552505493164	0.049383233487606	0.0	0.00512961894306887	18.899542249462	11.1882171872489	12.7395068473606	176	256	176	3.29420686801628	13.9373818614514	13.5971782099916	23.5599459005073	31.8770399924336	87.0701212908083	77.5625968668355	113.740629317264	1	1	1	8.61692388922107	5.76030470692928	4.7333619619064	3.88526648283004	2321286	0	16.5883986353874	6.0213137595822	6.16667337866878	62.6620972901611	291.568048615248	280.279745578765	49039	177.74249535799	460.353400826454	85.0817508039758	-0.0409691721666463	55.4992836111099	765.826077763743	765.566421747207	21791	676.509356975555	855.451217204332	54.9277377229727	0.676549710699287	40.2720433423577	1002.96384947259	1000.06759268045	181182	938.984446585178	1077.13100874423	42.4476710200146	0.16614193937797	0.434631366760668	0.5063356140418	0.535580524344569
